smiles,heavy_atoms,mw,qed,n_targeted,n_catalogue,alerts,undersized,passes,c_score,in_training_set
CN1C=C2C(=CC=CCl)Sc3ccccc3N2CCC1,20,304.8460000000001,0.7585051835085381,0,0,,False,True,0.9987573027610779,False
CC(F)=CC=C1C2C(C)C3=CC=CC12C3=CCCN(C)C,21,285.406,0.7385025180897856,0,0,,False,True,0.9979552626609802,False
ClC=CC=C1C2=CN(CCNC2)c2ccccc21,18,258.752,0.8326708736739609,0,0,,False,True,0.9979517459869385,False
CN1CCc2cccc3c2COC(=O)c2cc(Cl)cc(Cl)c2[C]3C1,24,361.24800000000005,0.6613688264663155,0,0,,False,True,0.9979290962219238,False
CC=CC=C1C2=CC3C2Cc2cc(F)ccc2C12C3CN2CC,23,307.4120000000001,0.7906255422307977,0,0,,False,True,0.9977996945381165,False
C=C1C2=CC=CC3CCN(C)C1(C3)c1cc(Cl)ccc1S2,21,315.86899999999997,0.6630553840455782,0,0,,False,True,0.997795045375824,False
CC1N(C)CCC12c1ccccc1Sc1ccccc12,20,281.42400000000004,0.7130637854462828,0,0,,False,True,0.9976547360420227,False
CCN(CC)CC=CSC1=C2C(N)=CC=C2Cc2ccccc21,23,324.493,0.8445323877082288,0,0,,False,True,0.9976129531860352,False
C=CC=C1C2=CN(CCO2)CCc2ccccc21,18,239.31799999999998,0.74671414960107,0,0,,False,True,0.9974639415740967,False
Cc1ccccc1C1=CCNCc2ccccc21,18,235.32999999999998,0.7970071807060733,0,0,,False,True,0.9972593188285828,False
CN1CC=CC=C(c2ccccc2Cl)c2ccccc2C1,21,295.81300000000005,0.7320959652379199,0,0,,False,True,0.9972493052482605,False
CCCOC(=O)N1c2ccc(Cl)c3c2CC1CCN(C)C3,21,308.8090000000001,0.8386315869640387,0,0,,False,True,0.9972414374351501,False
Clc1ccc2c(c1Cl)[C]1CCCN(Cc3ccccc31)C2,21,317.23900000000003,0.6552506028007621,0,0,,False,True,0.9970099925994873,False
O=C1Cc2ccc(Cl)cc2C2(c3ccccc3)CCN12,20,283.75800000000004,0.7856859604731499,0,0,,False,True,0.9969518780708313,False
Fc1ccccc1C1c2ccccc2Sc2ccc(Cl)cc21,22,326.82300000000004,0.40557263564582613,0,0,,False,True,0.9969344139099121,False
[C]1CC1C=C1C=CCCCNCC2=C1c1ccccc12,20,261.368,0.8087074662550812,0,0,,False,True,0.9968891739845276,False
CCN1CC[CH]C=Cc2c3cccc2-c2ccccc2[C]3C(=O)C1,24,315.4160000000001,0.7877275192651739,0,0,,False,True,0.9968872666358948,False
CCN1CCN2C(=Cc3ccc(F)cc3-c3cccc(Br)c32)C1,23,373.26900000000006,0.7118527087140878,0,0,,False,True,0.9968764781951904,False
CC=C1Sc2c3cccc2S(=O)C1=CCN3C,17,263.387,0.7170006172396227,0,0,,False,True,0.9968380928039551,False
CN1CCCc2c3cccc2N(C)CCNCC=C3C1,20,271.408,0.7783206452757888,0,0,,False,True,0.9967476725578308,False
CN(C)CCC=Cc1cccc2c1CC2=O,16,215.29599999999996,0.7683066338517923,0,0,,False,True,0.9966570734977722,False
CCN1CCCC2=C1CC2=CC=C(C)Cl,15,223.747,0.6879708047320992,0,0,,False,True,0.9965159893035889,False
C=CC1=CC2CN(C)COC=C1c1ccccc12,18,239.318,0.7461130496343042,0,0,,False,True,0.9965110421180725,False
CCCN1c2ccccc2C1c1ccccc1Cl,18,257.764,0.7730691446949662,0,0,,False,True,0.9963938593864441,False
CC=CC=C1CCN2CC3CCc4cc(F)ccc4C12CCN3,23,312.43200000000013,0.8531342070210078,0,0,,False,True,0.9963526129722595,False
