dataset,model,seed,n_parameters,best_epoch,epochs_run,train_seconds,test_roc_auc,test_pr_auc,test_balanced_accuracy,test_mcc
b3db,gat_edge,0,76161,25,55,390.3,0.9269776803621569,0.9593922783015574,0.8456356369262507,0.6734650169660171
b3db,gat_edge,1,76161,23,53,370.1,0.9132761773132351,0.9475727010049153,0.8378539858045754,0.6580262339833035
b3db,gat_edge,2,76161,50,80,555.3,0.8324295010845988,0.8631158644260625,0.6881338123644252,0.39500276691093494
b3db,gat_edge,3,76161,49,79,556.7,0.8063272961725573,0.8841579444065767,0.7190522243713733,0.4190480021761515
b3db,gat_edge,4,76161,41,71,501.4,0.9318367232115227,0.9585612837002683,0.8507890961262554,0.697309940565515
b3db,gat_edge,5,76161,14,44,312.8,0.9060611113426987,0.9404261299158158,0.8009469618019369,0.6106540838645168
b3db,gat_edge,6,76161,26,56,397.5,0.8124838570813603,0.8939181211270232,0.7452755058114506,0.47093983756630076
b3db,gat_edge,7,76161,63,93,635.8,0.9085955080968982,0.9497264510925751,0.8108922031505097,0.5906641067635875
b3db,gat_edge,8,76161,25,55,395.6,0.9456103889047366,0.9595464459626745,0.85099908988413,0.6949537876483471
b3db,gat_edge,9,76161,46,76,510.9,0.8991436586446182,0.945594089612054,0.7906282297357153,0.5509583139733443
b3db,gine,0,124220,13,43,217.3,0.9308886310240101,0.9572798765477453,0.8255866425992779,0.6506468586044698
b3db,gine,1,124220,37,67,340.9,0.8549899940972373,0.9044021374585165,0.7473041650470061,0.49718109658677917
b3db,gine,2,124220,38,68,353.6,0.8141607917570499,0.8545470599126848,0.7317956887201735,0.45599198398861773
b3db,gine,3,124220,17,47,253.0,0.774632202098353,0.8715701353795013,0.6893939393939394,0.35841191804219114
b3db,gine,4,124220,78,108,574.1,0.9329760598644048,0.9617463471874793,0.8563064393619715,0.6980090248436488
b3db,gine,5,124220,48,78,422.2,0.930228438034099,0.9495319613504826,0.8662755151666737,0.7298331733590777
b3db,gine,6,124220,65,95,504.1,0.8561307217678289,0.9195918508063405,0.7141447840436217,0.46106172517060495
b3db,gine,7,124220,57,87,430.0,0.9211968112488784,0.9551459649120491,0.8406102457750518,0.648512722068736
b3db,gine,8,124220,36,66,331.1,0.9508231794286646,0.9629604092630467,0.8731848621921567,0.7456458723566826
b3db,gine,9,124220,31,61,311.4,0.9043001624095675,0.9509292973033732,0.8107264137014617,0.6092644171051046
b3db,sage_edge,0,112825,27,57,269.9,0.938166150936909,0.9637680182999352,0.854564208354822,0.6941832226445969
b3db,sage_edge,1,112825,19,49,229.6,0.8868577146230151,0.9386564393529311,0.7897788623504514,0.5535470310275892
b3db,sage_edge,2,112825,40,70,339.6,0.827142082429501,0.8611352552410216,0.6757253253796096,0.37249836138690745
b3db,sage_edge,3,112825,17,47,241.3,0.7951028661860384,0.8841837056846565,0.7384751773049645,0.4535577842436727
b3db,sage_edge,4,112825,40,70,350.6,0.9246068585253325,0.9525241673011056,0.829398402115509,0.671792527467726
b3db,sage_edge,5,112825,34,64,308.5,0.918994122306057,0.9457865813771793,0.8200842052607444,0.6260272811007681
b3db,sage_edge,6,112825,19,49,242.9,0.834929688621036,0.9061256171033583,0.7330176495910461,0.46680960342059474
b3db,sage_edge,7,112825,39,69,314.5,0.9168689052640868,0.9514316669468127,0.8358300607451206,0.6396245655638813
b3db,sage_edge,8,112825,20,50,254.7,0.9465476724126222,0.9584845745686487,0.8492196096010433,0.696159207961903
b3db,sage_edge,9,112825,14,44,204.6,0.8958733205374281,0.9421854818280468,0.8098368522072936,0.5887963042159291
bbbp,gat_edge,0,76161,35,65,101.7,0.9028666192845298,0.9435837900778807,0.8366500829187397,0.6733001658374793
bbbp,gat_edge,1,76161,55,85,131.0,0.9463087248322147,0.9833400846960264,0.858011744966443,0.6285216484816025
bbbp,gat_edge,2,76161,44,74,112.9,0.9002760524499654,0.9772547911230003,0.8315217391304348,0.6311781680015617
bbbp,gat_edge,3,76161,28,58,98.3,0.8692933083176986,0.9555022314697925,0.7639931207004378,0.4356175107935367
bbbp,gat_edge,4,76161,56,86,133.5,0.9101731601731602,0.9871696189292434,0.8536255411255411,0.5710157305635528
bbbp,gat_edge,5,76161,22,52,79.9,0.900695134061569,0.9693868071828262,0.812148295266468,0.5048302122841638
bbbp,gat_edge,6,76161,38,68,106.4,0.9131289308176102,0.9617453745808815,0.8347746331236897,0.6023457812091113
bbbp,gat_edge,7,76161,20,50,78.7,0.9102990033222591,0.9729897518216014,0.8425702204771972,0.6043080556351276
bbbp,gat_edge,8,76161,37,67,107.0,0.8358503401360544,0.9332454732401976,0.7333333333333334,0.40807836400885794
bbbp,gat_edge,9,76161,14,44,68.5,0.808317698561601,0.9283658679020081,0.7363195747342088,0.4253832155198134
bbbp,gine,0,124220,37,67,75.3,0.8717128642501777,0.9208408686676207,0.7918739635157546,0.5607089369338754
bbbp,gine,1,124220,19,49,56.3,0.9358221476510068,0.9787129838257604,0.8271112975391499,0.5730397425040407
bbbp,gine,2,124220,62,92,103.8,0.9104554865424431,0.9777416703335318,0.8282436162870945,0.5720991359689453
bbbp,gine,3,124220,31,61,69.5,0.8483427141963727,0.938244808354961,0.75046904315197,0.4308545307967095
bbbp,gine,4,124220,51,81,90.3,0.8668831168831168,0.9779953896437033,0.757711038961039,0.3654982729686546
bbbp,gine,5,124220,46,76,84.6,0.8725587553790135,0.9586899615934482,0.7795431976166831,0.4520987426023079
bbbp,gine,6,124220,41,71,79.7,0.8879716981132075,0.9494852845818622,0.7979559748427673,0.615584282022522
bbbp,gine,7,124220,21,51,58.5,0.9148293566898218,0.9625278972954658,0.8341890667472063,0.5945030573233567
bbbp,gine,8,124220,30,60,67.6,0.8528571428571429,0.9322177250324756,0.7705442176870748,0.4777009171259889
bbbp,gine,9,124220,54,84,97.5,0.8941525953721076,0.9654648086627395,0.8261413383364603,0.6007646903243459
bbbp,sage_edge,0,112825,55,85,107.0,0.9023927979151861,0.938400873325304,0.8572020848140252,0.6961707529951585
bbbp,sage_edge,1,112825,58,88,93.7,0.9299496644295301,0.9785954554782523,0.8322147651006712,0.5704689929657452
bbbp,sage_edge,2,112825,44,74,83.1,0.9166666666666667,0.9816401219657788,0.8329882677708764,0.608353101884338
bbbp,sage_edge,3,112825,19,49,56.0,0.8888367729831145,0.9570499213372554,0.7845528455284553,0.46423756011206707
bbbp,sage_edge,4,112825,36,66,77.3,0.8858225108225108,0.9834459852565318,0.7992424242424242,0.5456754461202507
bbbp,sage_edge,5,112825,22,52,59.0,0.9328037073816617,0.9830744584504985,0.8158722277391592,0.506594295866615
bbbp,sage_edge,6,112825,31,61,64.6,0.9063155136268344,0.9608124421720339,0.7974973794549267,0.5657305701201312
bbbp,sage_edge,7,112825,5,35,40.7,0.8535185744488071,0.942220059523107,0.7746904258532166,0.48865840997342336
bbbp,sage_edge,8,112825,42,72,78.7,0.8399319727891157,0.9282991941907909,0.7337414965986395,0.4134642663074781
bbbp,sage_edge,9,112825,31,61,70.9,0.878048780487805,0.9637891661546285,0.7510162601626016,0.5218254119933845
