epoch,train_loss,val_auc,lr
1,0.4491752135799452,0.8377751895496482,0.001
2,0.37982239656766054,0.8538222039523766,0.001
3,0.36497152960888474,0.8631246003471271,0.001
4,0.3599816680641834,0.8699986297615786,0.001
5,0.3419029895385666,0.8911003014524526,0.001
6,0.33797367011637813,0.9009584056514722,0.001
7,0.3219869906019508,0.8995120428732377,0.001
8,0.3174928557521483,0.8924172528242137,0.001
9,0.31536758578908053,0.9003950854115282,0.001
10,0.3039490047610776,0.9122552601930513,0.001
11,0.3065180188948187,0.9089895252885113,0.001
12,0.2948024871256167,0.9127729058189458,0.001
13,0.2899248314774395,0.9017881611400383,0.001
14,0.2892678328846449,0.9109687585639902,0.001
15,0.2829200648329794,0.906028287810968,0.001
16,0.27882849606926974,0.9215500441521269,0.001
17,0.2766330020978312,0.9133438384945647,0.001
18,0.27934498558970006,0.9077258609664749,0.001
19,0.2726766141769903,0.9246559179074937,0.001
20,0.2670188374545313,0.9182614719405622,0.001
21,0.2651492723816866,0.9136254986145367,0.001
22,0.2667189742952184,0.902655978806979,0.001
23,0.26462197189221087,0.9252420754544625,0.001
24,0.26096223754847686,0.9163964252002069,0.001
25,0.24926446123355325,0.9173023050455225,0.001
26,0.25928490794598485,0.9267341128467466,0.001
27,0.25525197092727697,0.9198220212539205,0.001
28,0.2487862482714699,0.9222808379769191,0.001
29,0.24529850070557482,0.9152012727992448,0.001
30,0.2451844832249592,0.9236663012697541,0.001
31,0.23874268563873566,0.9242905209950977,0.001
32,0.24203805975773485,0.9295431016107915,0.001
33,0.2342634216036879,0.9119583752017295,0.001
34,0.2401846113837277,0.9315832343716695,0.001
35,0.23157365395807442,0.9181092232270637,0.001
36,0.23340226017764407,0.9270766724521179,0.001
37,0.2248045890511495,0.9354731890015529,0.001
38,0.22519830342747324,0.9339963764806188,0.001
39,0.23343109534689435,0.9274649066715386,0.001
40,0.22282989736476974,0.9287057336865503,0.001
41,0.22503766285769838,0.9226157851466154,0.001
42,0.2175451009549215,0.9220448524709965,0.001
43,0.21694438511709765,0.9283631740811791,0.001
44,0.21096462349262396,0.9450267957735757,0.001
45,0.21324204531791194,0.9358766480923235,0.001
46,0.21269116412745614,0.9328012240796565,0.001
47,0.209919104986203,0.9320019183337901,0.001
48,0.20661476584751587,0.9195403611339484,0.001
49,0.20571705971979926,0.9236510763984045,0.001
50,0.2031509202405629,0.9272441460369659,0.001
51,0.20156892725552297,0.9338745775098201,0.001
52,0.20051117814137032,0.9350392801680826,0.001
53,0.20528452408611583,0.9331590085563777,0.001
54,0.19547622279048654,0.9250746018696141,0.001
55,0.1967241275222694,0.9415250753631133,0.0005
56,0.18405022695040107,0.9397133156724825,0.0005
57,0.1811234547131952,0.930243445692884,0.0005
58,0.18231280036342212,0.9292538290551445,0.0005
59,0.17409844705113076,0.9341334003227673,0.0005
60,0.17282982045530432,0.9341410127584422,0.0005
61,0.17383273522453688,0.9406496452604975,0.0005
62,0.1688336255619497,0.9398884016930057,0.0005
63,0.17038695156230596,0.9259424195365551,0.0005
64,0.17171820133332638,0.929977010444262,0.0005
65,0.17093871544371195,0.9366302792241407,0.0005
66,0.17225209351516854,0.9350621174751074,0.00025
67,0.16242481434024503,0.937224049206784,0.00025
68,0.16068816877075834,0.9408171188453458,0.00025
69,0.1570954266780466,0.9400102006638044,0.00025
70,0.15613965987968262,0.938457263786121,0.00025
71,0.15758704775938387,0.9401015498919035,0.00025
72,0.15364941634347545,0.9360974087268963,0.00025
73,0.15316215862951396,0.9376351207332297,0.00025
74,0.15357208763613753,0.9370946378003105,0.00025
