term_dropped,seed,steps,scaffold_frac,tanimoto_dist,valid_frac,c_mean,kl,unique_smiles_frac,tpsa_spread_ratio,hba_spread_ratio,logp_spread_ratio,mw_spread_ratio,sd_C,mean_C,frac_over_95,t_scaffold_drop,t_tpsa_spread_drop,d_scaffold_frac,d_tanimoto_dist,d_tpsa_spread_ratio,d_sd_C,d_mean_C,d_frac_over_95,collapsed
none,0,200,0.05546875,0.291913693073951,1.0,0.9902058099862188,0.6847684532403946,0.3046875,0.1182237042866495,0.10585104507365688,0.21135343587492522,0.15740998111236826,0.004751286,0.99056304,1.0,23.0,8.0,,,,,,,True
C,0,200,0.17421875,0.4398077790965342,1.0,0.7439838655060157,0.48790532797575,0.459375,0.16251645009039734,0.16251358794673312,0.26945404525999594,0.1816225057236251,0.0823221,0.7229776,0.01875,14.0,9.0,0.11875000000000001,0.1478940860225832,0.04429274580374784,0.07757081091403961,-0.2675854563713074,-0.98125,True
D,0,200,0.059375,0.11650557620545847,1.0,0.9832868281751871,0.6181383624672889,0.1578125,0.10937865739539487,0.09414941220274815,0.12552403014174923,0.09824523261809424,0.0044251457,0.98318446,0.996875,23.0,8.0,0.00390625,-0.1754081168684925,-0.008845046891254621,-0.00032614031806588173,-0.007378578186035156,-0.0031250000000000444,True
Q,0,200,0.1275049603174603,0.3673194342027367,0.9984375,0.9829421621520028,0.5422680616378784,0.2734375,0.24566744661640888,0.22778821289353912,0.24787966787304963,0.30496835764205726,0.030283403,0.9802868,0.9403769841269842,9.0,7.0,0.07203621031746031,0.07540574112878573,0.12744374232975939,0.02553211711347103,-0.010276257991790771,-0.05962301587301577,True
S,0,200,0.3646673387096774,0.6666380857518648,0.9984375,0.9766409163671215,0.4332859039306641,0.775,0.2741100597708873,0.2269379112385395,0.4536166645454071,0.24555473309035514,0.015738472,0.9801195,0.953125,41.0,7.0,0.30919858870967737,0.3747243926779138,0.15588635548423782,0.010987186804413795,-0.010443508625030518,-0.046875,False
none,1,200,0.10006200396825396,0.30567761923914594,0.99921875,0.9817046962892786,0.6175954282283783,0.33203125,0.13878903978320523,0.13061284258979533,0.2757415992086157,0.15871563413788445,0.0076051354,0.98241854,0.9875,13.0,7.0,,,,,,,True
C,1,200,0.20234375,0.3819058824206312,1.0,0.8210205749841407,0.47026248574256896,0.38125,0.14517908585758466,0.13243891119023232,0.2473608131861414,0.1759154351293213,0.057082433,0.8226385,0.05625,13.0,9.0,0.10228174603174603,0.07622826318148529,0.00639004607437943,0.04947729781270027,-0.15978002548217773,-0.93125,True
D,1,200,0.11875,0.13249372269494442,1.0,0.9818145683500916,0.5949802741408348,0.16015625,0.1230152866401411,0.09480921154995944,0.11491757443371409,0.12637664665034679,0.0057870285,0.9816786,0.9875,12.0,8.0,0.018687996031746035,-0.17318389654420152,-0.01577375314306413,-0.0018181069754064083,-0.0007399320602416992,0.0,True
Q,1,200,0.115625,0.43904934241795796,1.0,0.9847062401007861,0.7331526964902878,0.27578125,0.08908267638520125,0.13261335152810855,0.27552263988279335,0.1823263360246249,0.008719213,0.98711765,0.984375,8.0,9.0,0.015562996031746046,0.13337172317881202,-0.04970636339800398,0.001114077866077423,0.004699110984802246,-0.0031250000000000444,True
S,1,200,0.8209449404761905,0.8359528772734782,0.99921875,0.9595204307516623,0.34637296497821807,0.9953125,0.3303100870064276,0.2660645616234984,0.49601540124207133,0.33122572346673385,0.05855877,0.95498693,0.71875,36.0,9.0,0.7208829365079366,0.5302752580343323,0.19152104722322238,0.05095363408327103,-0.027431607246398926,-0.26875000000000004,False
none,2,200,0.1921875,0.2224141869514494,1.0,0.9813415468670428,0.6507420927286148,0.26328125,0.1485591830181992,0.13563086726486445,0.17396864953350255,0.15567329191986107,0.011353423,0.98035586,0.959375,12.0,8.0,,,,,,,True
C,2,200,0.21186755952380953,0.3904818788381376,0.99921875,0.8117937207584166,0.4576523959636688,0.40078125,0.1768735943606487,0.1500596798115484,0.2827681020893218,0.21456934226771057,0.08353339,0.81227046,0.075,13.0,8.0,0.019680059523809523,0.16806769188668821,0.028314411342449497,0.07217996567487717,-0.16808539628982544,-0.884375,True
D,2,200,0.1203125,0.1340870145065292,1.0,0.9817493620794266,0.571986348927021,0.1515625,0.0934949471139255,0.07926534597529736,0.13008078556441163,0.11722681379695747,0.007917304,0.9817815,0.98125,12.0,8.0,-0.07187500000000001,-0.0883271724449202,-0.0550642359042737,-0.003436119295656681,0.001425623893737793,0.021874999999999978,True
Q,2,200,0.16812996031746033,0.5513434479098845,0.99921875,0.9822472028471234,0.6489079937338829,0.4125,0.17133363886902644,0.19996383278578517,0.4207821995183788,0.2970428192268235,0.0191524,0.9845816,0.959375,8.0,8.0,-0.02405753968253968,0.3289292609584351,0.02277445585082724,0.007798976264894009,0.004225730895996094,0.0,True
S,2,200,0.440625,0.6784946866985632,1.0,0.979697767039761,0.44756467789411547,0.803125,0.3256890689477192,0.2300136087899086,0.3855953799586048,0.2863187546404691,0.024478221,0.9818121,0.953125,35.0,9.0,0.24843749999999998,0.45608049974711373,0.17712988592952,0.01312479842454195,0.0014562606811523438,-0.006249999999999978,False
