smiles,hac,mw,qed,c,nn_sim,novel_scaffold,rings,logp
CC=CC=C1C2=CC=CCOC3=CC=CC=COC(C2)C(=O)NCCSC31,27,383.51300000000015,0.7441399177690338,0.9911476969718932,0.1643835616438356,True,3,3.976000000000002
CCN1C=CC=CC=C2CC3Cc4c(Cl)cc5c(c43)NCC2CNC(C)C(C5)C1,29,410.00500000000017,0.6907256827158434,0.9803934693336488,0.1756756756756756,True,5,4.893700000000004
C=C1C2=CC=CC(CC)C(=O)NCC3CC(=O)N(C)C1=C(C)C=CCCN2C3,28,381.5200000000002,0.7591241573974324,0.8853879570960999,0.1830985915492957,True,3,3.1529000000000016
C=CC1=CNCC2=CC=Cc3cc1ccc3C(=O)NCCCN(C)C2,25,335.4510000000002,0.8294032024408863,0.9876530766487122,0.1842105263157894,True,3,2.821600000000001
CC1OCC2(O)C(Cl)=CC=CC2OC(CO)C1=CC=CCCN(C)C,25,369.8890000000002,0.7758486343136837,0.958168089389801,0.1875,True,2,2.0091
CCCN(CC)CC=CC1=CNCCCCCSCCCN(C)CC=C1,26,379.6580000000001,0.7296148661110581,0.9775078892707824,0.1884057971014492,True,1,4.543200000000004
CC=CC=C1C2=C1OCc1ccc3c(c1)CCNCN3CCCCC2,25,336.4790000000002,0.8194500980023977,0.9939014315605164,0.1891891891891892,True,5,4.457000000000003
C=C1C2=CC(F)=CC3=C(C=C[C@H](CO)CCC2)N(C=CC=C3)C1NC,25,340.442,0.8009388144743905,0.810919463634491,0.189873417721519,True,3,3.8697000000000026
CN1CCC2=CC=CCOCC(=C2)C(=CC=CCl)CCn2ncnc2C1,26,372.90000000000015,0.7547142129956008,0.960564374923706,0.1931818181818181,True,3,3.621800000000002
C=C1NCCCCCN2C=CC=C1N1CC=Cc3cccc2c3C1C,25,333.4790000000001,0.7494843843513803,0.9929937720298768,0.1944444444444444,True,4,4.581200000000004
CN(C)CC1NC2=CC=CC=C3Cc4cccc(c4C(=O)N1CC=CS(=O)C3)CCCNC2,33,466.6510000000003,0.7006206822088767,0.9355969429016112,0.1971830985915492,True,4,2.3405000000000005
CN(C)C(=O)CN=c1c2c3c4c(c5cc3ccc15)=CC=CC(C=CC=C4)C=2,27,352.437,0.6958652607721871,0.9888942837715148,0.2,True,7,2.187500000000001
CCCCC(=O)N1CC=CC=C2C3NCCC3=CC=C(Cl)C=CCCC21,26,372.94000000000017,0.7827623484026248,0.9728086590766908,0.2,True,3,4.631000000000004
N#CC1C=C2ON(C(N)=O)C/C=C/c3ccc2cc3SC=CC=C1Cl,25,371.8490000000001,0.7389181680378212,0.972514808177948,0.2023809523809523,True,4,4.2484800000000025
C=C1OCCCNc2ccc3cc2C(=O)NC(C(=O)NC)C=C(Cl)C=C13,26,373.8400000000001,0.7058841631101912,0.9522516131401062,0.2045454545454545,True,3,2.3966000000000003
O=C1CC2=NOCC(=O)[C@@H]3CN(C2=O)c2ccc(cc2)NC(=O)[C@H]3N1,25,342.31100000000004,0.6548224988780107,0.88529372215271,0.2063492063492063,True,5,-0.5683
Cc1cc(Cl)c(C2=CC(F)=CCNC(=O)C(C)CC(=O)CCC2)cn1,25,364.8480000000002,0.8129160398358531,0.8817383646965027,0.2105263157894736,True,2,4.175620000000003
CNCCN1C=C(F)C(=CC=CCl)CO[N+](=O)c2ccccc2C(=O)OCCC1,29,424.8800000000003,0.7445353732412524,0.9794698357582092,0.2133333333333333,True,2,3.6003000000000034
CCN1CCC2OC3CNC4C=CC=C(F)C=C3C(C1)c1c4cccc12,26,352.45300000000015,0.8287841592340868,0.9949932098388672,0.2179487179487179,True,5,3.9296000000000033
CNCCC(=O)OS(=O)CNc1cc2ccc1SC=CC=CC2c1ccccc1,29,428.57900000000006,0.6575189377035459,0.9532814025878906,0.21875,True,4,4.179900000000003
CN1CNC(=O)c2ccccc2OC=C2C=C(CC=COC=CC=CC2)NC=C2C=C21,31,415.4930000000001,0.6640137009988198,0.9897624850273132,0.2191780821917808,True,4,4.230900000000003
CC1[C@H]2C3=CC(O)=C[C@H](OCCOC(=O)C3)[C@@]1(C)C(=O)c1cc(F)ccc12,27,372.392,0.706298768787655,0.7828826904296875,0.2191780821917808,True,4,3.4620000000000024
COC1C=C2C=CC=C1CCNc1c(Cl)cccc1CC(=O)NCCCN2,27,387.9110000000002,0.6921574437025843,0.9652152061462402,0.2205882352941176,True,3,3.1891
CCNC(=O)CC=CN1CC=C(F)C=C2CCN3C=C(C2)C(C1)NC=N3,26,359.44900000000007,0.8062627936497084,0.9592912793159484,0.2209302325581395,True,3,2.0165
C=CC=C1C2=CN3CCC(CCNc4ccccc41)C2CC(N(C)C)C3,26,349.52200000000016,0.8619852984617317,0.9747560620307922,0.2234042553191489,True,4,4.227500000000003
C=CC=C1Cc2cc3ccc2CCCNC(CCNC)C=C1OCC3,25,338.4950000000001,0.8835624191783442,0.987281620502472,0.2247191011235955,True,3,3.312000000000001
C=CC1=CC=CC=C2C1C1c3ccc(c1c3)C21NC(=O)CN1C(=O)CN(C)C,28,373.4560000000002,0.8217181814758215,0.9891281127929688,0.2252252252252252,True,5,1.8637
CCN1CC=C2C=CC=C[C@H]2N2C=C(CCC1)C(=CC=CF)CC2=O,25,340.442,0.7570592869130529,0.9939908981323242,0.2258064516129032,True,3,4.048900000000003
CCC1(C)CCC(=O)CCC(N2CCCNCC2)C(Cl)=CC=CC1O,25,368.949,0.7851411253924406,0.7362100481987,0.2266666666666666,True,2,3.2495000000000016
CCN(C)CCOc1c2ccc(Cl)c1CCCNCCCN(C)C=C2,25,365.9490000000001,0.8638450019992154,0.9817593097686768,0.2285714285714285,True,2,3.4989000000000026
CCN(C)C(=O)C1CNC=CCCCNC=Cc2ccccc2SC1C,26,373.566,0.8292691515976844,0.928612232208252,0.2285714285714285,True,2,3.719100000000002
C=C1CCNCCNCCN2C=CC=C1[C@@H](c1ccc(F)cc1)CC2,25,341.4740000000001,0.8213998262348107,0.9352352023124696,0.2297297297297297,True,4,3.194200000000002
C=C1CC2=CN(CCc3cc(CN(C)C)ccc31)CC2C1CCCCN1,26,351.5380000000001,0.8963930855223177,0.9422580599784852,0.2307692307692307,True,4,3.665400000000002
CCc1cc(F)ccc1N1N=C2CCNC1=Cc1ccc(F)cc1CC2NC,28,382.4580000000001,0.8477313790751007,0.9656981825828552,0.2318840579710145,True,4,3.8256000000000014
CN(C)CC[C@@H]1CC2=CC=C3C=CC=CC(CN2)C2C(=O)NCC1C32,25,339.4830000000001,0.8275290318003774,0.8246564865112305,0.2328767123287671,True,5,2.0921
CCN(CC)C1CNC(=O)c2c3cc(F)cc2[C@@H]1/C=C\c1ccccc1-3,26,350.43700000000007,0.90543259055767,0.990994155406952,0.2328767123287671,True,4,4.056900000000002
CCN(C)CCc1ccccc1NC1CNCCCCOc2ccncc2C1,28,382.5520000000002,0.8022868921469307,0.8894457817077637,0.2337662337662337,True,3,3.361200000000002
C=C1C=C(C)c2ccccc2C(=O)NCN(CC)CC2C=CC=CC1=C2,26,346.474,0.8203887191182754,0.982309341430664,0.234375,True,3,4.337500000000003
CN1CC=CC=C(NC2CNCCCOc3ccccc32)CNC(=O)C1,26,356.4700000000001,0.7429496293465441,0.9444244503974916,0.2352941176470588,True,3,1.1910999999999994
CCN1CC=CC=C(S(=O)(=O)CCC2(CC)CCCCOCC2)CCCC1,27,397.6250000000003,0.6502474189851407,0.9249157905578612,0.2363636363636363,True,2,4.724200000000005
CC1=CCC(CNc2cc(Cl)ccc2NCCN(C)C)OC=CC=C1,25,361.9170000000001,0.747637229090568,0.7696794867515564,0.2368421052631578,True,2,4.530500000000003
C=CC=C1CNC2CCN(CCNC(=O)C3C=CC=CC=C3)C=C1O2,25,339.439,0.8044847581823359,0.9840075373649596,0.2368421052631578,True,3,2.0064
CC1NCCCC1CNC(=O)CNc1ccccc1Sc1c#cc(Cl)cc1,27,401.9630000000002,0.6557744207830067,0.7645135521888733,0.2368421052631578,True,3,4.007780000000002
O=C1NCC=CC2=CC=CCOc3ccccc3C1c1ccccc12,25,329.39900000000006,0.7974401944782751,0.9935781359672546,0.2372881355932203,True,4,3.8365000000000022
CC1C2=CC=CC3=C1CCN1C(=O)NCCNC1C2(c1ccccc1)O3,26,349.4340000000001,0.8195266512024718,0.957464873790741,0.240506329113924,True,6,2.6431000000000004
CN1C=COC2COc3cc(F)ccc3Sc3cccc2c3CC1=O,25,357.4060000000001,0.7165196800679141,0.9961665272712708,0.2409638554216867,True,4,3.9127000000000023
CN1C=COC2=C3CNC(=O)c4ccccc4SC(=CC=CC2)CC31,25,352.4590000000001,0.7708368844318311,0.9898539185523988,0.2424242424242424,True,4,3.8119000000000014
O=C1CC2CCNC23CC32C=CC(=CN1)C(CCc1ccccc1)=C2,25,332.447,0.8919471144577888,0.9445638656616212,0.2432432432432432,True,6,3.257600000000002
CN(C)CC1COCNC=CC=CC2(c3ccccc3)CCCN(C)CCC=C1S2,30,427.6580000000003,0.7698495766138548,0.9685769081115724,0.2432432432432432,True,3,4.439700000000004
CCNC=C1C(CC(=O)N2C=CC(C)=CC2(N)c2ccccc2)=CC(F)=C1Br,28,444.348,0.7034531160347474,0.9596989750862122,0.2432432432432432,True,3,4.499800000000003
NCCOc1cc2ccc1C1CCN(CCOc3ccccc31)CC2,25,338.451,0.9348210665679976,0.9823294281959534,0.2439024390243902,True,5,2.7966000000000006
CN(C)CC1CNC=C(c2ccccc2)C=CC=C1c1ccccc1,25,330.4750000000001,0.8908983834861766,0.9685881733894348,0.2444444444444444,True,3,4.448300000000004
C=C1CCc2ccccc2NCNC(=O)C2C=C(F)C=C1CCCCOC(=O)N2,29,399.4660000000002,0.6210746250653947,0.9054415225982666,0.2456140350877192,True,3,3.733100000000002
Cc1ccccc1C12CC1NCCc1cccc(c1)C(=O)CCC2C,25,333.47500000000014,0.8351850401865752,0.946457862854004,0.2461538461538461,True,4,4.450020000000004
CNC(=O)C1CCCOc2ccccc2SC=CC=C1c1ccccc1,26,365.4980000000001,0.8215949522833917,0.9488906860351562,0.2461538461538461,True,3,4.9108000000000045
COc1c2ccc3c1CCCNC(CCNCC1CCCN3C1)CC2=O,26,357.4980000000002,0.8082374070778958,0.9759346842765808,0.2461538461538461,True,6,2.3821000000000003
C=CC=C1CSCC(=O)NC(Cc2ccccc2)c2ccccc2C1,25,349.49900000000014,0.8845538405844316,0.9851438403129578,0.2461538461538461,True,3,4.488300000000003
CC(CC(=O)N(C)C)c1ccccc1CC1C(O)=CCCC=CC=CCN1C,28,382.5480000000002,0.8176195117835731,0.8826532959938049,0.2463768115942029,True,2,4.459400000000004
CC(=O)NC12CC(=O)N3C=CC=CCN[C@@H]1CCO[C@H](C2)c1ccccc13,27,367.4490000000001,0.7982962647374838,0.9591743350028992,0.2465753424657534,True,4,2.1914
CCN(CC)C(=O)NCC(=O)N[C@@H]1C=CC(=CC=CCl)Sc2ccccc21,27,405.95100000000014,0.7453282407332019,0.9937649369239808,0.2470588235294117,True,2,4.193600000000003
CCSC=C1C=C=C2C=CC=CC=C1Cc1ccccc1OCCN2,25,349.49900000000014,0.7643020601029786,0.9867672920227052,0.25,True,3,4.939500000000005
CCC12COC(Cl)=C1CCCCCNCCCCC(C)(C)NC(=O)C2,25,370.9650000000001,0.7148746447056021,0.9383187294006348,0.25,True,2,4.482200000000003
C=CC=C1C2=CC(C)CCNC(=O)CNC2(N)CCc2ccccc21,25,337.46700000000004,0.7376005850214374,0.989486038684845,0.25,True,3,2.5292000000000003
O=C1CC2CCCCC23NCCC3OC(c2ccccc2)C(=O)CCN1,26,356.4660000000001,0.8113510823106822,0.921280801296234,0.25,True,4,2.5143000000000004
CNCC1CNc2cc3cc(Cl)c2[C@@H]1CN[C@H](c1ccccc1)CC3,25,355.9130000000001,0.7794940663280185,0.9503820538520812,0.25,True,5,3.961800000000003
CCN(C)CCOc1ccccc1CCN1CN2CCCC1Cc1cc(F)ccc1C2=O,32,439.5750000000003,0.6266398488123339,0.9739469885826112,0.25,True,4,3.8191000000000015
CC=C1C=CCC(=O)CCCCNCCNCCCCCN(CC)C=C1,26,361.5740000000001,0.7451916900304695,0.9403471946716307,0.25,True,1,3.8171000000000026
CNC1CCCC1CCN1CC(O)c2ccccc2-c2cccc1c2,25,336.4790000000001,0.8861918738001126,0.8752924799919128,0.25,True,4,3.9852000000000034
CNC(=O)C1CN2C(=O)c3ccccc3C2=CC(O)(c2cccc(F)c2)C1,27,366.3920000000001,0.8567686352211057,0.9507901668548584,0.2525252525252525,True,4,2.2761000000000005
CN1C(=O)CC=CC=CC1CC1CCN(c2ccccc2)C(=O)OCCCNC1,29,397.5190000000002,0.8495861131703626,0.9455121159553528,0.2531645569620253,True,3,3.362400000000002
CN1CCc2cc(F)ccc2N2CCNc3c(Cl)cc2c(O)c3C1=O,25,361.80400000000014,0.7550178228431452,0.9566465020179749,0.2531645569620253,True,5,3.3764000000000025
CC1C=C2CCC(CCN(C)C)Nc3ccccc3C2=CC=CCCCNC1=O,29,393.5750000000002,0.7872148973391256,0.9591878056526184,0.2533333333333333,True,3,4.624700000000003
CC(C)C(CCCN1CC=C(Cl)C=CCc2ccccc2C1)C(N)=O,25,360.92900000000014,0.8233104357301141,0.9524421095848083,0.2533333333333333,True,2,4.261300000000003
CN(C)CC1CNC(CCOc2ccccc2-c2ccccc2)CS1,25,356.535,0.8163793155846117,0.8624200820922852,0.2539682539682539,True,3,3.7577000000000025
CN(C)Cc1ccccc1NCCN1C=Cc2cccc(c2)NCCCC1,27,364.53700000000015,0.7982396725607037,0.7997541427612305,0.2542372881355932,True,3,4.338700000000004
CCCNC1=Cc2ccccc2CCNCCCN(C)CCC=CC=CC1,27,367.5810000000001,0.8297044479920077,0.9771504998207092,0.2545454545454545,True,2,4.387300000000004
CNC(=O)c1ccccc1C(=O)N1CC2=CC=CC=C(COC(C)C1)C(C)C2,28,380.48800000000017,0.855939167084582,0.8553378582000732,0.2545454545454545,True,3,3.3559000000000028
CCN1CCN(C=Cc2ccc(Cl)cc2)CCc2cc(F)ccc2C1=O,26,372.8710000000001,0.7931709906761945,0.9685190320014954,0.2545454545454545,True,3,4.470200000000004
CCN(C)CCOC(=O)N1CC(=O)NCC(=O)C2CCNCCN(C)Cc3cccc1c32,32,445.5640000000003,0.7076655576377604,0.9915983080863952,0.2564102564102564,True,3,0.7889000000000044
CCCC1COC(=O)CC(O)CCC2c3ccccc3C(C)C2(O)CCN1C,28,389.5360000000002,0.7604209310672898,0.8607308268547058,0.2567567567567567,True,3,3.197000000000002
CN1CCCN2COC=CC2c2cc3ccc2C(CNc2ccccc2-3)C1,27,361.48900000000015,0.7663207115649265,0.9869716167449952,0.2571428571428571,True,6,4.042700000000003
CN(C)CC1N(c2ccccc2)C2=CC(Cl)=CCC21c1ccccc1,25,350.8930000000001,0.7821635371804843,0.9913265109062196,0.2575757575757575,True,4,4.785100000000004
CCN(C)CCNC1C(=O)NC=CC=Cc2ccccc2CC1c1ccccc1,29,389.5430000000002,0.7937406870095776,0.914784848690033,0.2575757575757575,True,3,3.579500000000002
CCN1CCCN2CC3SCC(c4ccccc43)C2Nc2ccccc21,26,365.5460000000001,0.7991334705450938,0.9688572287559508,0.2575757575757575,True,6,4.541900000000004
CCNc1ccc2cc1C(=O)NCCCC(=O)NC=C(C)C=CC=C2,25,339.439,0.7746163613762732,0.9391787648200988,0.26,True,2,3.2314000000000016
CC=CC=C1CCCNCC2CCCC1N(c1cccc(C)c1)CC(=O)C2,27,366.54900000000015,0.814670403950699,0.9739039540290833,0.2602739726027397,True,3,4.8152200000000045
CN(C)CCOc1c2cccc1C1CCC=CC=CCCN(C)CC1C=C2,27,366.54900000000015,0.7755293051872822,0.969126284122467,0.2602739726027397,True,3,4.581700000000004
CCC1=C(OC)C=CN2CCCNC3CNCCC3C(C=C1)c1ccc(OC)cc12,30,409.57400000000007,0.7915358134394715,0.959238052368164,0.2608695652173913,True,4,3.9506000000000014
Cc1cccc(C=CCC=CNC(=O)CN(C)C)c(C(=O)O)[nH]cc1,25,343.4270000000001,0.7105055308818813,0.8071070313453674,0.2622950819672131,True,1,2.74052
O=C1c2cccc(c2)N2CCCOC2CCNCCCC2NCCC12,25,343.47100000000006,0.756136483420291,0.9121858477592468,0.2622950819672131,True,4,2.1737
CCNC(=O)CN1C(O)=C(c2ccccc2)Nc2ccccc2C1(C)C,26,351.45000000000016,0.7863460328078667,0.9511330723762512,0.2631578947368421,True,3,3.6696000000000017
[O-]C1=NOCOc2ccccc2CNCCCc2cc(Cl)ccc2C=CC=C1,28,397.882,0.7361196731380536,0.9700257182121276,0.2631578947368421,True,3,3.672100000000002
CC(C)CC1CNCCCCCN2c3c(CCN(C)C)cccc3C12,25,343.559,0.8686439824757805,0.9446808695793152,0.2631578947368421,True,3,4.087600000000004
CCN(C)C1ON(c2ccccc2)C=C(OC)C=Cc2ccccc21,25,336.43500000000006,0.8151607321044017,0.9702803492546082,0.2631578947368421,True,3,4.589700000000004
CCCCC1CSc2ccccc2-c2ncccc2NC(=O)ONC1=O,26,371.4620000000001,0.8434051132362866,0.9312582015991212,0.2637362637362637,True,3,4.240400000000002
CCCC1C2Cc3c(cc(O)cc3C1c1ccc(F)cc1)OC(=O)N2,25,341.38200000000006,0.8833120090648452,0.9020779728889464,0.2647058823529412,True,4,4.106200000000003
CNCCN1C2CCC3Oc4ccccc4C(=CC=C(C)Cl)C31CC2,25,358.9130000000002,0.8729436651982653,0.9907710552215576,0.2647058823529412,True,4,4.190000000000003
CNC(=O)CCC(=O)N1C=C(CC(C)N)C(=CC=CF)c2ccccc21,26,357.42900000000003,0.8215779261787991,0.9955978989601136,0.2650602409638554,True,2,3.047200000000001
CC(=O)OCC(=O)NC(C)CCC1CC(=O)NC=CSc2cc(Cl)ccc21,27,410.92300000000006,0.7022835910816978,0.9421551823616028,0.2666666666666666,True,2,3.354800000000001
CCCN(CC)CC1(C)OC(=O)C(c2ccccc2)c2ccccc21,25,337.4630000000001,0.7352247117818352,0.9835211634635924,0.2666666666666666,True,3,4.3224000000000045
CN1CC(=O)NC=CC=C(c2ccc(F)cc2)CC(c2ccc(F)cc2)C1,27,368.4270000000001,0.865699110205324,0.9502391815185548,0.2676056338028169,True,3,4.097400000000003
CC1(c2ccccc2)CCC2C1Cc1cccc(c1)CC1CCCN12,25,331.50300000000016,0.7116844435755524,0.9301085472106934,0.2692307692307692,True,5,4.986100000000004
CN1CC2=Cc3cc(F)ccc3C(CNc3ccccc3CC2)C1=O,25,336.41000000000014,0.7930491027245574,0.9769241213798524,0.2692307692307692,True,5,3.823000000000002
C=C1C=CC(F)=CC(C(NC(=O)N(CCNC(=O)CC)c2ccccc2)C(C)=O)C1,30,413.49300000000017,0.6825506604971385,0.852205753326416,0.2698412698412698,True,2,3.672100000000003
CCCN1CCC2c3ccc(Cl)cc3C21Cc1ccccc1N1CCC1N,27,381.95100000000014,0.8279208134551778,0.994899332523346,0.2702702702702703,True,5,4.485800000000002
CNCC(O)C=CC=C1CCCCN(CCCc2ccccc2C)CO1,26,358.526,0.7474724426385222,0.9606983661651612,0.2711864406779661,True,2,3.4080200000000023
CCN1CCC2=CC(OC)=CC=CNCC(C1)S[C@@H]2c1ccccc1,25,356.535,0.8800753312502932,0.9827576279640198,0.2714285714285714,True,3,4.128700000000003
CC=CC=C1CC[C@H](NC(=O)COC(C)=O)C1C(=O)N(C)c1ccccc1,27,370.44900000000007,0.7812559804709771,0.91525799036026,0.2714285714285714,True,2,2.609800000000001
CCN(CCNC(C)=O)C1CCNc2ccccc2Sc2ccccc21,26,369.5340000000001,0.830875981201843,0.9607338905334472,0.2727272727272727,True,3,4.1525000000000025
CC=CC=C1CCNCCN2Cc3ccccc3C1N(CC)CCCC2=O,27,367.53700000000026,0.8662945434529107,0.9934115409851074,0.2727272727272727,True,3,3.6678000000000015
CCN1CCOc2ccccc2C(=O)N2CC[C@@]2(C)OC(C)(O)NC1=O,26,363.4140000000001,0.7860284536680471,0.947723925113678,0.273972602739726,True,3,1.3552
C=C1CSCC=CC=CC(=C)c2ccccc2CC(=O)NC=CCO1,25,353.4870000000001,0.7571973691500764,0.9831400513648988,0.2745098039215686,True,2,4.261700000000003
C=C1C2=CC=C[C@H](COC)Cc3ccccc3N(C)C2CNCCN2CC1C2,28,379.5480000000002,0.8551874317626896,0.9603538513183594,0.2753623188405797,True,5,2.883900000000001
COC1=CC2=CSc3ccccc3NC(=O)CN(C)CC(=O)CC2=C1,25,356.4470000000002,0.8382823142060485,0.9803471565246582,0.2753623188405797,True,3,2.976000000000001
COC1CSc2ccccc2CNC(=O)OC(c2ccccc2)OC(=O)C1,27,387.45700000000016,0.7929468460802751,0.9121730923652648,0.2769230769230769,True,3,3.665600000000002
O=C1NCCC1C1=C2CCN(c3ccccc3)C1=Cc1ccc2cc1,25,328.4150000000001,0.9082538421879064,0.9857948422431946,0.2777777777777778,True,6,3.841100000000002
CN1C=CN2CCNC(=O)c3ccccc3N(CC2)C(=O)CNC1=O,25,343.38700000000017,0.7043135676664343,0.9870944023132324,0.2777777777777778,True,3,0.1912000000000005
O=C1C2CC3N1CCC(c1ccccc1)CN3C2CCCC1C=CC=C1,26,348.4900000000001,0.8044351077193453,0.808056652545929,0.2777777777777778,True,5,3.9452000000000034
Cc1cc2n(c1)C(=O)C(OC(=O)OC(C)C)CCc1cc(F)ccc1-2,25,345.37,0.7684480914440488,0.8813163638114929,0.2777777777777778,True,3,4.119220000000004
CC(=O)NCCN1CC=CC=C2CSc3ccccc3C=C2NCCC1,26,369.53400000000016,0.8595670669879509,0.9786526560783386,0.2784810126582278,True,3,3.047200000000001
CN1CN2CCC(c3ccccc3)NC(=O)C3NCSC=CC(CC2)C31,26,372.5380000000002,0.7896881222377538,0.8454057574272156,0.2786885245901639,True,4,2.0036
CN(C)C1CC(=O)CCCC2CNC(=O)N(C)[C@H]1c1ccccc1OC2,26,359.47000000000014,0.8366435096545606,0.8022145628929138,0.2786885245901639,True,4,2.4510000000000005
CC(C)N(C)C1=C2C=C(C=CC=CNc3ccc(F)cc3CC(=O)N2)CC1,27,367.46800000000025,0.8212368180543104,0.8724291920661926,0.2786885245901639,True,3,4.251800000000002
CCN1CCCCNc2ccccc2C1CC1CN(C)c2ccccc21,26,349.5220000000001,0.8519155408444647,0.983525276184082,0.2794117647058823,True,4,4.879000000000004
CCN1Cc2ccc(cc2)C2(CO1)c1ccccc1NC1CN(C)CCC12,27,363.5050000000001,0.839440078438873,0.9761019349098206,0.2794117647058823,True,6,3.4856000000000025
CN1CCCc2ccccc2C2=CC=CC=CSCC(=O)OCCC21,25,355.5030000000002,0.6563775107878533,0.9885294437408448,0.2807017543859649,True,3,4.066600000000003
CCN(CC)c1ccccc1OCC(=O)N1C(C)CC[C@@H]1NC(C)=O,25,347.4590000000001,0.8225900359302287,0.6897678971290588,0.2807017543859649,True,2,2.3847000000000005
CCN1CC2=C(CC1C)C(=CC=C(C)Cl)c1ccccc1CCNC2,25,356.94100000000014,0.8206949880692348,0.9942810535430908,0.2807017543859649,True,3,4.769000000000004
C=CC=C1CN(C)CC(C)(C)C=C1NC(=O)N(CC)Cc1ccccc1,26,353.5100000000001,0.8615678971169259,0.973926842212677,0.2816901408450704,True,2,4.186000000000004
CN(C1Cc2cccnc2C1)C1CCCCN1CCc1ccc(Cl)cc1,26,369.94000000000005,0.7873469915386941,0.8702411651611328,0.282051282051282,True,4,4.188700000000003
CCN1CC=CC=CC=CCCCNC(=O)CCc2ccccc2C1,25,338.495,0.8386533021249585,0.9761040806770324,0.2826086956521739,True,2,4.019700000000003
CC1=C2c3ccccc3NC(Cc3ccccc3CC2C)CN(C)C1,25,332.4910000000001,0.7570546620103339,0.9846275448799132,0.2830188679245283,True,4,4.620900000000003
CC(=O)ON1C(=O)NCCC=Cc2ccccc2C1c1ccccc1,25,336.391,0.9099050245380168,0.9574768543243408,0.2830188679245283,True,3,3.682600000000003
COCCN1C[C@H](Cc2ccccc2)NC(=O)Cc2ccccc2C1=O,26,352.43400000000014,0.8960773955211553,0.9679152369499208,0.2830188679245283,True,3,2.058799999999999
CN(C)CCCC1=CC=C(Nc2ccccc2)NCC1c1ccccc1,26,347.5060000000001,0.7666524347652117,0.894280195236206,0.2857142857142857,True,3,4.595100000000003
CCOC(=O)N1C=C2C=CCCCNCCc3ccc(F)cc3CC2C1,26,358.45700000000005,0.8296913674690235,0.9833553433418274,0.2873563218390804,True,3,3.8225000000000025
CN(C)CCNC(=O)C1CCN(c2ccccc2)CCCC1c1c#cccc1,28,377.5320000000002,0.8385217653149682,0.8794057965278625,0.2876712328767123,True,3,3.355080000000002
CNC(=O)C1CCc2cc(F)ccc2CCCc2cc(Cl)ccc2N1,25,360.86,0.8025284098559339,0.8968307375907898,0.2878787878787879,True,3,4.127100000000003
CCC(=O)OC1C(=O)C(C)OC(C)(C)[C@H]2CC3=C(C=C(C)Cl)C1(C)CCC32,27,394.9390000000001,0.6352475165157571,0.90712970495224,0.2878787878787879,True,5,4.950000000000005
CCN(C)C(=O)Nc1ccccc2c(c[nH]c1=O)C(c1ccccc1)C2,26,349.4340000000001,0.8878209043291618,0.9486996531486512,0.288135593220339,True,3,3.6709000000000014
CCN1CCCC(=O)NCCN2Cc3ccc(Cl)cc3CCC12CC,25,363.93300000000016,0.8739616369052713,0.9773008227348328,0.288135593220339,True,3,3.426400000000002
CCN1CC2(c3ccccc3)C=Cc3ccccc3C(=O)NCC1CC2,26,346.47400000000016,0.8953049659751259,0.9770128726959229,0.288135593220339,True,5,3.8655000000000026
C=CC=C1Oc2ccccc2C(C)(O)C2C=C1[C@@H](O)c1ccccc1O2,26,348.3980000000001,0.8234395235730173,0.9791272282600404,0.2898550724637681,True,4,3.7774000000000023
CN1CCCCc2ccccc2C(c2ccccc2)(C2NCCN2C)C1,26,349.52200000000016,0.898745647261999,0.9913695454597472,0.2903225806451613,True,4,3.101900000000001
CCN1CC(=O)NCCNC(CNc2ccccc2)c2ccccc21,25,338.4550000000001,0.8011665894678743,0.9435172080993652,0.2903225806451613,True,3,2.3855000000000013
CC(=O)NC=CC=C1C=C(c2ccccc2)[C@H]1CN(C)c1ccccc1O,27,360.4570000000001,0.8147705581723249,0.949877917766571,0.2909090909090909,True,3,4.118000000000005
CCN(CC)CC1CNc2ccccc2OCc2ccccc2CN(C)C1,27,367.53700000000015,0.8811532611176255,0.9726028442382812,0.2909090909090909,True,3,4.080900000000003
CCCN(CC)C1C(=O)NCC2CNC(c3cc(Cl)ccc3N(C)C2=O)N(C)C1(C)C,31,450.0270000000002,0.7386376486374562,0.8710044026374817,0.2911392405063291,True,3,2.4615
C1=Cc2ccccc2CCC(CNc2ccccc2)NCCNCC1,25,335.4950000000001,0.8004045663204193,0.9261114597320556,0.2916666666666667,True,3,3.6960000000000015
CC1C(NCCC(CCCc2ccccc2)Sc2ccccc2)CN1C,26,368.59000000000015,0.6034460958447034,0.7935858368873596,0.2916666666666667,True,3,4.852400000000005
CCN(CC)C(=O)CN1C(=O)c2ccccc2S1(O)c1ccccc1,25,358.463,0.8878941677935053,0.941723644733429,0.2916666666666667,True,3,3.621400000000002
CNCCC12COC=CC=COC(C)C(C1)c1ccccc1CC2(C)C,26,355.5220000000001,0.8445738191107934,0.9380807280540466,0.2923076923076923,True,3,4.801200000000005
O=c1ccccc(CCC2c3ccccc3C3(c4ccccc4)OCCN23)c1,28,369.46400000000017,0.6879064317842429,0.9827577471733092,0.2923076923076923,True,5,4.267600000000003
NC1C(=O)CCNCCC=C(Sc2cccc(Cl)c2)c2cccc1c2,25,372.9210000000001,0.8185344049656512,0.9473109245300292,0.293103448275862,True,3,4.425500000000003
CCN(CC)C(=O)NCC1CNc2ccccc2Sc2ccccc21,25,355.50700000000006,0.8543530626445707,0.9837186932563782,0.293103448275862,True,3,4.398300000000003
CNC1C=CC(C)=CSc2ccccc2N(CCc2ccccc2)C1,25,350.5310000000001,0.845069449374481,0.946795642375946,0.293103448275862,True,3,4.889400000000005
CCc1c2cccc1C1=CC(c3ccccc3)CN(CC2)C(CC)N1,25,332.4910000000001,0.8854652709823382,0.9842926859855652,0.293103448275862,True,4,4.571100000000004
Cc1cc(O)ccc1N1CCCCNc2c(Cl)c(O)cc1c2N(C)C,25,361.8730000000001,0.7363648477165855,0.8981450200080872,0.2941176470588235,True,3,4.469420000000004
CCN1CCCN(C)C(=O)c2cc(Cl)ccc2C(O)C(=O)NCCOC1=O,27,397.8590000000002,0.7463015068285936,0.935944139957428,0.2941176470588235,True,2,1.4237999999999995
CCOC(=O)C1CCNCCCN2Cc3ccc(cc31)-c1ccccc12,26,350.46200000000005,0.838719810713752,0.9770403504371644,0.2941176470588235,True,5,3.703700000000002
CN(C)CC(=O)c1ccccc1NC(=O)NC=Cc1cc(Cl)c2cc1-2,25,355.82500000000016,0.6599616192855826,0.953080713748932,0.2950819672131147,True,3,3.857100000000002
CCN1CCCC2Cc3cc(F)ccc3-c3cccc(c3)N2CCC1,25,338.47000000000014,0.7415762156708041,0.9793811440467834,0.2957746478873239,True,4,4.729600000000005
CCC1COC(CN(CC)CC)OC(=O)C2NCCCC12c1ccccc1,27,374.52500000000015,0.7761152974379231,0.9174901843070984,0.2957746478873239,True,3,2.943900000000001
CCN(C)C1CN2CCCC2c2cc(F)ccc2OC(C(C)=O)CC1(C)CC(N)=O,30,419.5410000000003,0.7942665330684955,0.950425922870636,0.2962962962962963,True,3,2.9047
CNCCN1CCCc2c3ccc(c2CN)C(CC1)c1ccccc1-3,25,335.49500000000006,0.9019345903616142,0.9929344058036804,0.296875,True,5,3.1153000000000013
CCN1CC(=O)CSc2ccccc2Nc2ccccc2SC=CNC1=O,27,399.5410000000001,0.7277991234984293,0.948248565196991,0.2978723404255319,True,3,4.699800000000004
CN1CCN2CCc3cc(Br)ccc3CC=C(C1)c1ccccc1C2=O,26,411.3430000000002,0.6540521009271486,0.9935266375541688,0.2982456140350877,True,4,4.018900000000003
CCN(C)C/C=C\c1cc2c(Cl)cc1CCNCCc1ccccc1-2,25,354.9250000000001,0.8585397694574669,0.9884621500968932,0.2982456140350877,True,4,4.660100000000004
CCCN(CC)CC(=O)Nc1cc2ccc1CC1C=CC=C(C)C1C(=O)N2,27,367.4930000000001,0.8075195566322126,0.8627331852912903,0.2985074626865671,True,4,3.600100000000002
CCOC(=O)C1CC2CCC(CN3Cc4ccccc4OCC3C1)N(CC)C2,28,386.5360000000002,0.7457105884837649,0.9290987849235536,0.2985074626865671,True,5,3.3232000000000026
Cc1ccccc1CCCC1CSC2(c3ccccc3)CC(=O)CN12,25,351.51500000000016,0.7874417320652716,0.985017478466034,0.3,True,4,4.560920000000004
CNCCn1ccc2c(CCN(C)CCc3ccccc3)cccc2c1=O,27,363.505,0.6351091102957117,0.7612829208374023,0.3,True,3,2.937900000000001
CN(C)CCNC(=O)Cc1ccccc1Cc1c2cccc1CN(C)CC2,27,365.5210000000002,0.8188342920123832,0.9850468635559082,0.3,True,3,2.4856
CCCC(=O)NC(C)[C@@]1(N)CNc2ccccc2-c2ccccc2C1,25,337.4670000000001,0.8015734083736881,0.943447768688202,0.3,True,3,3.323900000000002
CC(=O)NCCN1CC2CCCC2NCCCCNc2ccccc21,25,344.503,0.7888525580343326,0.870572566986084,0.3,True,3,2.5931000000000006
CCNCC(=O)Oc1cc2cnc1CCN(C)CC2c1ccc(Cl)cc1,26,373.884,0.8166028791549135,0.9589443206787108,0.3,True,4,2.869700000000001
O=C1OCCNCCC2(c3ccccc3)CCc3cc(Cl)ccc3CC12,26,369.8920000000001,0.774135435147645,0.9631926417350768,0.3013698630136986,True,4,3.919400000000003
CN(C)C(=O)CN1C(=O)Nc2ccc(Cl)c3c2CC1c1ccccc1-3,25,355.8250000000001,0.8953878305463446,0.9736477732658386,0.3015873015873015,True,4,3.539900000000002
C=CC=C1CCc2ccccc2N2CCCCN(CCNC(C)=O)C=C12,26,351.494,0.8997753757729894,0.9925448298454284,0.3015873015873015,True,3,3.624900000000002
C=Cc1cccc(N2CC=CC(=Cc3ccccc3)C(C)=CNC(=O)C2)c1,27,356.46900000000016,0.8558838558754492,0.9668421745300292,0.3018867924528302,True,3,4.809400000000005
CN(C)CCc1cc2ccc1C(c1ccccc1)Oc1ccccc1-2,25,329.44300000000004,0.6720785363866807,0.9892678260803224,0.3018867924528302,True,5,4.939500000000004
CCCN1CC(=O)NCC(C(=O)Nc2ccccc2)c2ccccc21,25,337.42300000000006,0.901726327086946,0.9532454609870912,0.3018867924528302,True,3,2.7551000000000005
CCC(=O)NCCC1CCCN2C(CC1)c1ccccc1C1CCNCC12,27,369.5530000000001,0.8523353006411548,0.96280837059021,0.3026315789473684,True,4,3.5953000000000017
CCNC(=O)NCC[C@H](CNc1ccc(F)cc1F)c1cccnc1,25,348.39700000000005,0.6859342914522321,0.8157444596290588,0.303030303030303,True,2,3.2647000000000013
CN(C)CCNC1Cc2ccccc2C1c1ccccc1-c1cccc(O)c1,28,372.5120000000001,0.6783658030031297,0.879668653011322,0.303030303030303,True,4,4.267000000000004
CCN(C)CC=Cc1cccc2c1CCCNCCCc1ccccc1-2,26,348.5340000000001,0.8546857861538353,0.9912467002868652,0.3035714285714285,True,3,4.786900000000005
CCC1NC(=O)C(c2ccccc2)COc2cccc(c2OC)C1=O,25,339.39100000000013,0.9336854346420224,0.9210095405578612,0.3035714285714285,True,3,2.948900000000001
CC=C1CN(CCNC)C(c2ccccc2)C(=CC)c2ccccc21,25,332.4910000000001,0.8674357386398176,0.9793540835380554,0.3035714285714285,True,3,4.769500000000004
CN(C)CC1NCCN2c3ccccc3C=CC2[C@H]1c1ccccc1,25,333.47900000000004,0.9304445739663824,0.957999050617218,0.3035714285714285,True,4,3.2056000000000013
CN(C)CC1Nc2ccccc2N1c1ccc(F)cc1Cc1ccccc1,27,361.4640000000001,0.6995225333472851,0.9341073632240297,0.3035714285714285,True,4,4.867800000000004
CCNC(=O)NC1(c2ccncc2)c2cc(ccc2C)-c2ccccc21,26,343.43000000000006,0.7556282585490299,0.9336747527122498,0.3050847457627119,True,4,3.981420000000004
CCCNC(=O)CC1CCC2CCCCC2c2ccccc2OCO1,25,345.48300000000006,0.8801031592529072,0.9429823756217957,0.3055555555555556,True,3,4.392000000000004
O=C1CCOC=CC=C2CCCCC(=O)N2CCOC(c2ccccc2)OC1,28,385.46,0.740198469369321,0.96975177526474,0.3064516129032258,True,3,3.5080000000000027
CN1CCNC2C=CC=CC=CC(c3ccccc3)(CCCNC2)CC1,26,351.53800000000024,0.8130987693144139,0.9695642590522766,0.3064516129032258,True,3,3.270100000000002
Cc1cc2c3cc1C(c1ccccc1)(CC3)OC1CCCCC1N2C,25,333.47500000000014,0.7309789303497667,0.9947633743286132,0.3076923076923077,True,7,4.962420000000004
CC(C)(C)OC(=O)CCC(=O)N1C=CC=CC=CCc2ccccc21,25,339.4350000000001,0.7704158114833844,0.9801716208457948,0.3076923076923077,True,2,4.323700000000004
CN(C)C1CCN(CCCc2c3cccc2NC(=O)C3)c2ccccc21,26,349.4780000000001,0.8953320973743256,0.9719800353050232,0.3088235294117647,True,4,3.626800000000002
CN(C)CCC=CC1=CCOCCCOC(=O)CNc2ccccc2C1,26,358.482,0.8386630800543745,0.9716677665710448,0.3088235294117647,True,2,3.038800000000001
COc1cccc2c1CC1N3CCCN1C2C3Cc1ccc(Cl)cc1,25,354.881,0.8308919978919083,0.9517099857330322,0.3088235294117647,True,5,3.904500000000003
CC(=O)OC(C)(C)C(C)(C)C(=O)NC1COCC1N(C)c1ccccc1,26,362.47,0.7871608186311695,0.7421765327453613,0.3090909090909091,True,2,2.3743
CC(=O)C(NC(=O)NC1=CC1)c1ccc(F)cc1Cc1ccccc1,25,338.38200000000006,0.8448363036804257,0.7607690691947937,0.3090909090909091,True,3,3.633400000000002
CN(C)CC(=O)NC1=CC=CC(c2ccccc2)c2ccc(Cl)cc21,25,352.86500000000007,0.899499390395109,0.9890244007110596,0.3098591549295774,True,3,4.060400000000003
CNC(=O)NCCN1CCCCC2Cc3ccccc3C(CCCC1)C2C,27,371.5690000000002,0.8376886002615778,0.873698890209198,0.3098591549295774,True,3,4.163800000000003
CCCN1CCC(=O)C23C=CC(Cl)=CC2=CCC3c2ccccc2C1,25,353.8930000000001,0.7481966535157206,0.9957470893859864,0.3108108108108108,True,4,4.964000000000005
COCc1ccc(Cl)cc1NC1CCCC1CC(=O)Cc1ccccc1O,27,387.9070000000001,0.6706012148503925,0.7121038436889648,0.3108108108108108,True,3,4.974500000000004
OCCN1CCON2CCC(c3ccccc3)c3ccccc3CC2C1,26,352.4780000000001,0.9213413832430156,0.9801350235939026,0.3114754098360656,True,4,2.674800000000001
CCN(CC)C(=O)NCC(=O)N1CCc2ccccc2-c2cccc1c2,26,351.45000000000005,0.9188640516420986,0.9807252287864684,0.3114754098360656,True,3,3.294100000000002
CNC(=O)CC=C1C=CC(N2C=CC=CC2)Cc2ccccc2N1C,25,335.451,0.922244767224389,0.9951324462890624,0.3125,True,3,3.0092000000000017
CCCN1CC=CC=C(C)Cc2ccccc2CN(C)C(=O)CCC1,25,340.51100000000014,0.8055673850607072,0.9881470799446106,0.3125,True,2,4.195800000000004
CN(C)Cc1ccccc1CCCN(C)CC1=CC(Cl)=CC=CC=C1,25,356.9409999999999,0.6604866485147546,0.9661316871643066,0.3125,True,2,4.7877000000000045
CCN(CC)CC1CCN(c2ccccc2)CN(C)c2cccc1c2,25,337.5110000000001,0.7996960875286439,0.9696993827819824,0.3134328358208955,True,3,4.416000000000004
CCOC(=O)N1c2cccc(c2)C(CCO)N2CCCC1c1cccc2c1,27,366.4610000000001,0.8731540399592812,0.968669593334198,0.3134328358208955,True,5,4.428100000000004
CN(C)CCC1CCNc2ccccc2Sc2ccc(F)cc2NC1,25,359.51400000000007,0.8252243552782995,0.9538512229919434,0.3150684931506849,True,3,4.772300000000003
CN(C)C(=O)NCCN1CCC(Cc2ccccc2)c2ccccc21,25,337.46700000000004,0.9063462501154806,0.9229178428649902,0.3157894736842105,True,3,3.494200000000002
C=C1Sc2ccccc2N2C=CC=C1C(NCCN(CCC)CCC)C2,26,369.57800000000026,0.7187042937372445,0.9774953722953796,0.3166666666666666,True,3,4.646300000000004
CN(C)CCc1ccccc1CCCC1CCN1Cc1ccccc1,25,336.523,0.6700261220550539,0.9269081950187684,0.3166666666666666,True,3,4.387900000000004
O=C1Cc2ccccc2CN(CCc2ccc(Cl)cc2)CC(=O)ON1,25,358.82500000000005,0.9155538486121366,0.9471588134765624,0.3166666666666666,True,3,2.5152
O=C1NCC(c2cccnc2)CC12CCNC2Cc1ccc(F)cc1,25,339.414,0.9029258505076472,0.8279385566711426,0.3166666666666666,True,4,2.4152000000000005
CNCC(=O)OC1(c2ccccc2)CCc2cc(F)ccc2CC1=O,25,341.3820000000001,0.6858670116619285,0.9811859130859376,0.3174603174603174,True,3,2.5416000000000007
O=C1NS(=O)(=O)CCCCCC(c2ccccc2)N1c1ccccc1,25,358.463,0.8866410054239358,0.938730239868164,0.3181818181818182,True,3,3.8477000000000032
CN(C)C1CC=CC2=CC(=C1C=CC1CCCCN1)C2c1ccccc1,26,346.518,0.8573073803448131,0.975126564502716,0.3181818181818182,True,5,4.595200000000004
CCOC(=O)NCCN1C=CC=C2Cc3ccccc3N(C)CC2NC1=O,27,370.45300000000015,0.8526591856033123,0.9859997630119324,0.3188405797101449,True,3,2.2589
C=C1C=CC=CN(CC(=O)NC(C)Cc2ccccc2)C1C=CC=C1C=C1,27,358.48500000000007,0.7959282137299191,0.9385564923286438,0.3188405797101449,True,3,4.096500000000003
CC(=O)OCC1(C)CCCN2CCN(C)CC2c2ccccc2C(C(=O)O)C1,28,388.5080000000001,0.8032123801846626,0.7865827083587646,0.3188405797101449,True,3,2.8966000000000003
CCN(C)C(=O)CSc1c2cccc1N(C)CCC(=O)N(c1ccccc1)C2,28,397.54400000000015,0.7229444984052902,0.992555558681488,0.3188405797101449,True,3,3.6301000000000014
CN(C)CC1NC(=O)c2c3cccc2-c2ccccc2CN(C)C1C3,25,335.45100000000014,0.9152574002010492,0.9727267622947692,0.32,True,4,2.3837
CCN1CCC(=O)NC2c3ccccc3C(CC1C)c1ccccc12,25,334.4630000000001,0.8591960679031203,0.989868462085724,0.32,True,5,3.841700000000003
COc1ccccc1CCCN1CC2CCC(=O)N2CCc2ccccc21,27,364.4890000000001,0.8113003227709782,0.9565004706382751,0.32,True,4,3.6815000000000015
CN1CC=CC=C(Cc2ccc(F)cc2CCc2ccccc2O)C1,25,337.43800000000005,0.8798143319691006,0.9053048491477966,0.32,True,3,4.287000000000004
COc1cccnc1CCN1CCN(c2ccccc2)c2ccccc21,26,345.446,0.6895845356577325,0.949127435684204,0.320754716981132,True,4,4.291000000000004
O=C(CNC(=O)c1ccccc1SC=CCc1ccccc1)C1=NOC1,26,366.4420000000001,0.7286171064914853,0.9727003574371338,0.3214285714285714,True,3,3.220200000000002
NC(=O)Cc1cccc2c1CSC1CCNC(=O)c3ccccc3C21,25,352.45900000000006,0.872546835502582,0.977512538433075,0.3214285714285714,True,4,2.595200000000001
CCc1cc(F)ccc1C(=O)C(C)(c1ccccc1OC)N1CCCC1N,27,370.4680000000002,0.7843874998446254,0.9420652389526368,0.3214285714285714,True,3,3.8754000000000017
CCCN1CCc2ccccc2N(c2ccccc2)C(=O)NCC1=O,25,337.4230000000001,0.9338924689595308,0.986320734024048,0.3220338983050847,True,3,3.329000000000001
CCC1Cc2ccccc2CN(c2ccccc2)C(=O)CNC(=O)N1,25,337.42300000000006,0.8850869997753835,0.9671237468719482,0.3225806451612903,True,3,2.8537
CN(C)Cc1cc2c(F)cc1CCCCCN2CCc1ccccc1,25,340.486,0.7807485995987313,0.9779109358787536,0.323943661971831,True,4,4.662800000000004
CC(C)NC(=O)Cc1ccccc1N(C)CCN(C)c1ccccc1,25,339.48300000000006,0.8012258104954574,0.798952043056488,0.3265306122448979,True,2,3.3263000000000016
CC=C1CCN2CC=C1ONCCCCN(c1ccccc1)CCCC2,26,355.5260000000001,0.819874446417981,0.96610027551651,0.3265306122448979,True,3,4.124100000000004
CN1CC2CC1CCCN(Cc1ccccc1)Cc1ccccc1N2,25,335.49500000000006,0.89583203433285,0.9422163963317872,0.3269230769230769,True,4,3.9672000000000023
CNC(=O)NCC[C@H](CCCc1ccccc1)Cc1ccccc1C,25,338.49500000000006,0.694479236228272,0.933244526386261,0.3269230769230769,True,2,4.495720000000004
COc1cccc2c1C=C(Oc1ccccc1C=CN(C)C)CCO2,25,337.4190000000001,0.8074909944415776,0.9678528904914856,0.3269230769230769,True,3,4.429900000000004
CN1CCNC(=O)CNc2ccccc2CC(C)(c2ccccc2)C1,25,337.46700000000004,0.8408119562506375,0.9705899357795716,0.3269230769230769,True,3,2.6605000000000008
CN1CCCNc2ccc3cc2CCOC=C(c2ccccc2)N3CCC1,27,363.5050000000001,0.8216886171488205,0.9923605918884276,0.3272727272727272,True,5,4.201800000000003
CC1c2ccccc2OCCNCCc2ccccc2C1CN(C)C,25,338.49500000000006,0.9042975694724668,0.9638957381248474,0.3272727272727272,True,3,3.660000000000003
CN(C)CCC=Cc1cc2ccc1CCNCCc1ccc(O)cc1-2,25,336.47900000000004,0.8932755840443517,0.9204721450805664,0.3272727272727272,True,4,3.7123000000000026
O=C(CNC(=O)COC1C=CC=CCOC(=O)N1)NCc1ccccc1,26,359.38200000000006,0.6615947770792816,0.9260616302490234,0.3275862068965517,True,2,0.6139000000000009
Cc1ccccc1N1Cc2ccccc2C1CCN1CCCCN(C)C1,26,349.5220000000002,0.808278474923473,0.9959401488304138,0.3275862068965517,True,4,4.431520000000004
CCN(CC)C(=O)Nc1ccc2cc1CCC(=O)COc1ccccc1-2,26,352.4340000000001,0.9037939237100188,0.9345107078552246,0.3278688524590163,True,3,4.121400000000003
CN1Cc2ccccc2C2(c3ccccc3)CCCNC2CNC1=O,25,335.451,0.841581386901329,0.9886742234230042,0.3278688524590163,True,4,2.8797000000000006
CC1CCCN1CC=Cc1ccccc1N1CCCN(CCCN(C)C)C1,27,370.5850000000002,0.6929551637001113,0.9628582000732422,0.3278688524590163,True,3,3.605400000000003
CCCN1CCc2ccccc2N(CCC(=O)CCN(CC)CC)CC1,26,359.5580000000002,0.6392244155496543,0.9932288527488708,0.3283582089552239,True,2,3.452200000000002
CCN(CC)C(=O)[C@@]1(C)c2cc(OC)ccc2C(=O)NCOC1(CC)c1ccccc1,31,424.54100000000017,0.7650201371985451,0.9903486371040344,0.3285714285714285,True,3,3.844300000000003
CCCN1CCc2ccccc2-c2ccc(Cl)cc2C=CC(NC(C)=O)C1,27,382.9350000000001,0.8269645895253547,0.9458296298980712,0.3287671232876712,True,3,4.793000000000005
O=C(CN1CC(=O)c2ccc(Br)cc2CCN=N1)Nc1ccccc1,25,401.2640000000001,0.8558285275614292,0.945447027683258,0.3333333333333333,True,3,3.495800000000002
CC(NCc1ccccc1)C(=O)c1cc(Cl)ccc1CN(C)C(C)C,25,358.9130000000001,0.7028778248815758,0.7221594452857971,0.3333333333333333,True,2,4.541200000000004
COC(=O)CNC1CCOCc2ccccc2C(c2ccccc2)C1,25,339.43500000000006,0.8688032710918849,0.977611482143402,0.3333333333333333,True,3,3.2601000000000013
CCN(c1ccccc1)C1CCCCN(CCN)c2ccccc2O1,25,339.48299999999995,0.8978376884911777,0.9256626963615416,0.3333333333333333,True,3,3.867000000000002
CNC(=O)CC(O)c1ccccc1-c1ccccc1-c1ccccc1,25,331.415,0.7363300892355986,0.9012849926948548,0.3333333333333333,True,3,4.190100000000003
CCCN(CC)CC(=O)NC1=CC=C(OC)CCCC(c2ccccc2)=C1,27,368.5210000000001,0.7336046158058823,0.9828989505767822,0.3333333333333333,True,2,4.516200000000004
CCCC1CCN(c2ccccc2)CCc2ccccc2C(=O)N1CC,26,350.50600000000014,0.7928172867678098,0.9775669574737548,0.3333333333333333,True,3,4.770200000000004
CC1(C)Cc2ccccc2C(N2CCCC(=O)Nc3ccccc32)CCC1=O,28,376.5000000000001,0.7701688508579589,0.948913276195526,0.3333333333333333,True,4,4.8982000000000046
CCc1cc(F)ccc1C(=O)CN1CCCc2ccccc2N(C)C1,25,340.442,0.7885238899615046,0.9835038185119628,0.3333333333333333,True,3,3.912900000000003
NC(=O)C12NC(=O)c3ccccc3OC1CCc1cc(F)ccc1S2,25,358.394,0.8191510621338324,0.97336083650589,0.3380281690140845,True,4,2.2366
O=C1NCCN2c3cc(Cl)ccc3CN1C(CO)CNc1ccccc12,26,372.8560000000001,0.7197241476355193,0.9573275446891784,0.3384615384615385,True,4,2.7897000000000007
CN1CC(c2ccccc2)c2cc(Cl)ccc2NC(=O)N[C@@H]2CCCC21,26,369.8960000000001,0.7790018837121792,0.9646592736244202,0.3384615384615385,True,4,4.459900000000003
CN(C)CCCC(=O)NC1CCNc2ccccc2-c2ccccc21,25,337.4670000000001,0.8748713176383848,0.9530566334724426,0.3387096774193548,True,3,3.668300000000001
CN1Cc2ccc(F)cc2C(c2ccccc2)c2ccccc2CC1=O,26,345.41700000000014,0.6348953571530892,0.9953888058662416,0.3392857142857143,True,4,4.520400000000004
O=C1CCCCN2CCN(Cc3ccccc3Cc3ccccc3)C(=O)CC12,28,376.5000000000001,0.8208141848542585,0.9225544333457948,0.3392857142857143,True,4,3.433300000000002
O=C1Nc2ccccc2C(c2ccccc2)CCC2N3CCCC3N12,25,333.4350000000001,0.8484653749413837,0.887631893157959,0.34,True,5,4.207800000000003
NC1CCCCc2cc(F)ccc2C(=O)c2ccccc2CNCC1,25,340.4420000000001,0.7704768322333967,0.9717771410942078,0.3404255319148936,True,3,3.5901000000000023
CN1CCOC(=O)OCc2ccc(Cl)cc2C(Nc2ccc(Cl)cc2)C1,26,395.28600000000006,0.7445047409852928,0.8804421424865723,0.3428571428571428,True,3,4.745200000000004
CN1CCC2Nc3ccccc3C(CN3COc4cccc(c4)N(C)C3)NC2C1,29,393.5350000000001,0.8176287932221533,0.9221450686454772,0.3432835820895522,True,5,2.5613
CCCN(C)C(=O)Oc1cc2ccc1C(=O)NC(c1ccccc1)CC2,26,352.43400000000014,0.906458522861858,0.9664317965507508,0.34375,True,4,3.9445000000000032
CCN1C(=O)C2(c3ccccc3)NC(=O)c3c2ccc1c3CC(N)=O,25,335.36300000000017,0.8751450760375086,0.9909998774528505,0.3442622950819672,True,5,1.0679
CCCC(=O)OCCC1=CC=CCC=CC=C(N)n2ccc(=O)cc2CC1,27,368.47700000000015,0.8040978150954539,0.9505061507225036,0.3442622950819672,True,2,3.7139000000000015
CC(CCC1(CC(N)=O)CCOC(=O)N1)C(=O)OCc1ccccc1,25,348.39900000000006,0.6976033284627219,0.9230945706367492,0.3448275862068966,True,2,1.8902
CN(C)CC1(C)CCN(C)CC(=O)N(C)c2ccccc2-c2ccc1cc2,27,365.5210000000001,0.8152913927844971,0.9776559472084044,0.3448275862068966,True,4,3.4712000000000023
C=c1cc(Cl)ccc1=CNC(=O)C(c1ccccc1)c1ccccc1OC,27,377.87100000000015,0.7392525250239714,0.8720309734344482,0.3454545454545454,True,3,3.4452000000000025
CN1CCNC=CC=C(Cc2ccccc2)Cc2ccccc2CC1,25,332.4910000000001,0.8944320385587998,0.9804101586341858,0.3461538461538461,True,3,3.9894000000000034
CNCCC(C(=O)NCCC(=O)N(C)c1ccccc1)c1ccccc1,26,353.466,0.7282580979120973,0.9149611592292786,0.3461538461538461,True,2,2.5490000000000004
CN1CN2C(=O)c3ccc(cc31)-c1ccccc1Oc1ccccc12,25,328.37100000000004,0.6083956765443974,0.9929798245429992,0.3469387755102041,True,7,4.5134000000000025
CN1CC(=O)c2ccccc2NS(=O)(=O)c2ccccc2OCOC1=O,26,376.39000000000016,0.7553320351613103,0.8255258202552795,0.3469387755102041,True,3,2.0884
CN(C)Cc1ccccc1CC(=O)N(C)CCNc1ccccc1F,25,343.446,0.8002997436324434,0.921438217163086,0.3478260869565217,True,2,3.000300000000001
CN(C)CCOc1cccc2c1CC(O)C(c1ccccc1)OCC2,25,341.4510000000001,0.9080121439089746,0.9563087821006776,0.3484848484848485,True,3,2.844400000000001
CN(CCN(C)C(=O)c1ccccc1CC(=O)O)Cc1ccc(F)cc1,26,358.41300000000007,0.7881157541922384,0.5676486492156982,0.3488372093023256,True,2,2.6568000000000005
Cc1cccc2c1C(=O)NCC1Oc3cc(Cl)ccc3CCNCCNCCC2O1,30,429.94800000000026,0.6001943300013756,0.9878935813903807,0.3492063492063492,True,4,2.980020000000001
CC=CC=C1C2=CC=CN(CCCN(C)C)C1CCc1ccccc12,25,334.507,0.7720070683850733,0.9965822696685792,0.35,True,3,4.668300000000005
CC=C1C2=CCN(CCNC)CCc3ccccc3N3CC2N(C)CC13,26,352.5260000000001,0.8996157810413906,0.97231525182724,0.35,True,6,2.1394
CN(C)C1OC(=O)NCCCc2ccccc2C(c2ccccc2)S1,25,356.49100000000004,0.8821471604976328,0.949772298336029,0.3508771929824561,True,3,4.026800000000003
CCN(C)CCc1ccccc1C(CC1CCN(C)C1)c1ccccc1,26,350.55000000000007,0.683363530123669,0.9473586082458496,0.3518518518518518,True,3,4.654500000000004
CN1CCCCC1CC(=O)NC1CN(c2ccccc2)c2ccccc21,26,349.47800000000007,0.9100630701521568,0.9674575924873352,0.352112676056338,True,4,3.870000000000002
O=C1CC(c2ccc(F)cc2)Cc2ccccc2C(c2ccccc2)N1,26,345.41700000000003,0.712654919610733,0.9716830253601074,0.3555555555555555,True,4,4.761300000000005
CN(C)CC(=O)c1cccnc1N(c1ccccc1)c1ccccc1,25,331.41900000000004,0.6312413941342149,0.8825809359550476,0.3571428571428571,True,3,4.295700000000004
CCN(CC)Cc1cc2cn1CCNCCC(c1ccccc1)CC2,25,339.52700000000004,0.8870312972982614,0.9313721656799316,0.3584905660377358,True,3,4.039600000000003
CN(C)CC1COc2ccccc2CCCc2ccc(F)cc2CS1,25,359.51000000000005,0.7800555634320877,0.9673344492912292,0.359375,True,3,4.556800000000004
CN(C)C1CNC(=O)CSc2ccc(Cl)cc2C(=O)c2ccccc21,25,374.89300000000014,0.8307516576214118,0.9627366065979004,0.36,True,3,3.3956000000000017
CCN1Cc2ccccc2-c2ccc(/C=C/CCN(C)C)c(c2)C1=O,25,334.4630000000001,0.8140127117621095,0.989233672618866,0.360655737704918,True,3,4.294200000000004
CCOC(=O)Cc1cccc(N2C(=O)CCCN(C)CC=CN(C)C2C)c1,27,373.49700000000007,0.759718026211132,0.9462980628013612,0.3620689655172414,True,2,2.642300000000001
Cc1ccccc1C(=O)CCC(=O)NC1CC(Cc2ccccc2)C1,25,335.44700000000006,0.7745613801853918,0.960868775844574,0.3636363636363636,True,3,4.095420000000003
O=C1CCC(N2c3ccccc3Sc3ccc(F)cc32)CCCNC1,25,356.4660000000002,0.8136177682333448,0.9892492294311525,0.3661971830985915,True,4,4.529700000000004
CCOc1ccccc1C(=O)NCCN(C)CC=Cc1csc(N)n1,25,360.483,0.718084762623954,0.8714678883552551,0.3666666666666666,True,2,2.499
CCC(CCN1CCCC(C(N)=O)c2ccccc21)c1ccccc1,25,336.4790000000001,0.8474739027621693,0.9331875443458556,0.3673469387755102,True,3,4.439600000000003
CN(C)CCNC(=O)c1cc2ccc1-c1cc(Cl)ccc1C(C)(C)C2,25,356.89700000000016,0.8927736212526433,0.968863308429718,0.3676470588235294,True,4,4.132100000000003
CCC(=O)N1CC(=O)N(c2ccccc2)CCC1(C)c1ccccc1,25,336.43500000000006,0.8594842184703914,0.9908012747764589,0.3703703703703703,True,3,3.577300000000003
CNC(=O)COc1ccc(F)cc1-c1ccccc1Cc1ccccc1,26,349.4050000000001,0.7239489093425497,0.9550878405570984,0.3703703703703703,True,3,4.208300000000002
c1ccc(CC2CNCCN(c3ccccc3)C2c2ccccc2)cc1,26,342.48600000000005,0.7394121313482102,0.9590352177619934,0.3720930232558139,True,4,4.696400000000004
C=CC=C1CCc2ccccc2C2CN3C=C1N2CCCN(C)CC3,25,335.4950000000002,0.7765734631509432,0.9969462752342224,0.3728813559322034,True,5,3.5808000000000018
CCN1CCCc2c(CCCN(C)C)cccc2-c2ccccc2C1,25,336.5230000000001,0.7861703432077182,0.9922412037849426,0.3728813559322034,True,3,4.615900000000004
CCC1(c2ccccc2)CN(C)CC(C)C(=O)OC1c1ccccc1,25,337.463,0.7862689032538612,0.9363253712654114,0.3728813559322034,True,3,4.200400000000004
CNC(=O)CN(C)C1CC2(c3ccccc3)c3ccccc3Sc3ccccc3N12,30,415.5620000000001,0.6888615365291566,0.9930365085601808,0.3728813559322034,True,5,4.309000000000004
CCc1cc(Cl)ccc1NC(=CNCC(=O)N(CC)CC)c1ccccc1,27,385.9390000000002,0.6529763189964255,0.9360982775688172,0.373134328358209,True,2,4.770900000000004
CCNC(=O)C1(c2ccccc2)Cc2cc(Cl)ccc2-c2cccc1c2,26,361.87200000000007,0.6995285525048219,0.9799320101737976,0.375,True,4,4.985300000000004
CN1CC[C@H]2OC(C1)c1ccccc1SCCCOc1ccccc12,25,355.5030000000001,0.682947862048286,0.9886462688446044,0.3793103448275862,True,4,4.695700000000004
CCN(CC)C(=O)C(CCc1ccc(F)cc1)c1ccccc1C(N)=O,26,356.4410000000001,0.7865980691313033,0.9571409225463868,0.38,True,2,3.509400000000001
CN(C)Cc1ccccc1CNC(=O)c1ccccc1-c1ccccc1,26,344.458,0.7210966978648777,0.9167863726615906,0.3809523809523809,True,3,4.345200000000004
COC(=O)c1cccc(C=CNC2CN(C)CC2c2ccccc2)c1,25,336.43500000000006,0.8519835403203306,0.85850590467453,0.3877551020408163,True,3,3.131300000000002
CCCN1CCc2ccc(Cl)cc2N(c2ccccc2)N=CCC1=O,25,355.8690000000001,0.8030486807020042,0.9714617133140564,0.3880597014925373,True,3,4.648700000000005
CCc1ccccc1CN(C)CCN(C)C(=O)c1ccccc1CN(C)C,27,367.537,0.6784904887735934,0.963027000427246,0.3902439024390244,True,2,3.5146000000000024
C[C@@]1(OC(=O)CCNC(=O)C(c2ccccc2)c2ccccc2)CCO1,26,353.4180000000001,0.7773885435294677,0.9317524433135986,0.391304347826087,True,3,3.004500000000001
CCCN(CCNC)CCC1CCc2ccccc2Cc2ccccc21,26,350.55000000000007,0.7466430329136491,0.9716725945472716,0.392156862745098,True,3,4.628700000000004
CCN(CC)CCOC(=O)c1ccccc1C=CC=C1C=CC=CC1,25,337.4630000000001,0.6472327345503576,0.9877583980560304,0.396551724137931,True,2,4.640900000000005
CCN(Cc1ccccc1)C(=O)[C@H](C)NC(=O)c1ccccc1CCNC,27,367.4930000000001,0.7161835786735467,0.8815191388130188,0.4,True,2,2.615500000000001
CCN(C)CCOC(=O)C1Nc2ccccc2CCc2ccccc21,25,338.45100000000014,0.8482489167415831,0.9647424817085266,0.4,True,3,3.433300000000002
CCN1CCCNCC(CC(c2ccccc2)c2ccccc2)CCC1,26,350.5500000000002,0.8231822452813845,0.9335095286369324,0.4107142857142857,True,3,4.920200000000005
COC1=CC=C(F)C=C(OC(=O)c2ccccc2OC)c2ccccc2C1,27,366.38800000000015,0.7270568503759987,0.9821789264678956,0.4166666666666667,True,3,4.832900000000003
CN(C)CCCc1cccc2c1CCCNCCN(c1ccccc1)CC2,27,365.56500000000005,0.8701724384891777,0.9823555946350098,0.4166666666666667,True,3,3.7657000000000025
CCN1CCCc2ccccc2CCCc2ccccc2COC1=O,25,337.4630000000001,0.7502221335294909,0.9764313101768494,0.4210526315789473,True,3,4.766600000000005
COc1ccccc1C(=O)N(CCCc1ccccc1)c1ccccc1,26,345.442,0.604604044416204,0.8758204579353333,0.4285714285714285,True,3,4.9748000000000046
CN(C)Cc1cccnc1OCC(c1ccccc1)c1ccccc1,25,332.447,0.6428747057851838,0.7984717488288879,0.4318181818181818,True,3,4.354100000000003
CCN(CC)CCNC(=O)c1ccccc1CCCc1ccccc1,25,338.49500000000006,0.7116690024662358,0.94278484582901,0.4666666666666667,True,2,3.933500000000003
CC1CCC2(CN(C)C2)NCCN(c2ccccc2Cc2ccccc2)C1,27,363.54900000000015,0.8950838769035827,0.949545681476593,0.4807692307692308,True,4,3.7875000000000014
CC(=O)OCCN1CCCc2ccccc2Sc2ccccc2CCC1,26,369.5300000000002,0.7407570565585412,0.9829759001731871,0.5084745762711864,True,3,4.581700000000004
CCN1CC(=O)CNc2ccc(Cl)cc2N(c2ccccc2)C(=O)C1,25,357.8410000000001,0.8953964175211232,0.9792113304138184,0.5769230769230769,True,3,3.321200000000002
