step,reward_mean,valid_frac,c_mean,qed_mean,tox_mean,undersized_frac,n_rankable,d_var,d_loss,w_C,unique,n_valid,unique_smiles_frac,n_scaffolds,scaffold_frac,tanimoto_dist,tpsa_mean,tpsa_sd,tpsa_drift_sd,tpsa_spread_ratio,hba_mean,hba_sd,hba_drift_sd,hba_spread_ratio,logp_mean,logp_sd,logp_drift_sd,logp_spread_ratio,mw_mean,mw_sd,mw_drift_sd,mw_spread_ratio,rdkit_valid_frac,ratio_mean,clip_frac,adv_std,kl
0,1.1868416847055427,0.96875,0.7908735616553214,0.5272671960274481,0.0,0.0,62,0.007247624372883942,0.7462701201438904,0.2,1.0,62,0.96875,52,0.8387096774193549,0.913178348303675,69.82016129032257,37.76536151844897,-0.015539301376119587,0.6460671589170199,4.580645161290323,2.379674598904257,0.0430712835597062,0.7439025000209557,1.9346874193548398,1.8553891730307674,-0.18322395357808707,0.8867573295566901,309.9063064516129,104.5611324587261,-0.22992057732926516,0.6942179459330817,0.96875,0.991155207157135,0.06514788419008255,1.0446385145187378,0.005413400940597057
1,1.2610009432561746,1.0,0.821517271688208,0.5547872624855297,0.0,0.0,64,1.1562431694327104e-06,0.6964895129203796,0.21300000000000002,1.0,64,1.0,56,0.875,0.9211033803002802,59.215,36.72621202901274,-0.19696604136239837,0.6282900125761285,3.78125,2.1899539806808725,-0.20682509271894492,0.6845945415854271,1.7196546875000007,1.586072933411293,-0.2859958430762882,0.7580413960357961,275.69281250000006,102.90368811248872,-0.4570759354988812,0.6832135929532829,1.0,0.9967628717422485,0.006717420648783445,0.9999998211860657,0.01042762491852045
2,1.279176186679229,0.984375,0.8886913231440953,0.5640633250804693,0.0,0.0,63,0.0037504810365229474,0.6885321140289307,0.226,1.0,63,0.984375,54,0.8571428571428571,0.917193963499763,56.174126984126985,35.38948263793497,-0.24898747346315475,0.6054220477212812,3.5396825396825395,1.7166356615359715,-0.2823407273929535,0.5366320087753792,2.0570960317460325,1.6071637391592626,-0.12472046772371853,0.7681214519373394,260.3163968253968,91.69781784832246,-0.5591653396056122,0.6088138991640744,0.984375,0.99703449010849,0.010119595564901829,1.0230478048324585,0.02298327162861824
3,1.3267383690306334,1.0,0.8924028179608285,0.5823664488211016,0.0,0.0,64,2.211373287167029e-06,0.6663980484008789,0.23900000000000002,1.0,64,1.0,47,0.734375,0.9110814953940062,51.269062500000004,37.63818235510442,-0.3329003753432702,0.6438914540533098,3.15625,2.2995838618106537,-0.40220435286114364,0.7188655896888092,2.7337337500000016,1.7957565618506572,0.19866907493277072,0.8582567563005746,280.160015625,103.01596958231353,-0.42741661080930327,0.6839590689204536,1.0,0.9967413544654846,0.005041246768087149,0.9999999403953552,0.0355449803173542
4,1.3437503268981013,1.0,0.8935972689650953,0.5943893158922159,0.0,0.0,64,4.653161488349898e-06,0.6716103553771973,0.252,1.0,64,1.0,52,0.8125,0.9096253616254659,39.7259375,24.927580967095338,-0.5303732360262232,0.42644610739970734,2.8125,1.3564084008881692,-0.509662945939353,0.4240225117059095,2.8155904687500017,1.781322256225196,0.23779134986038208,0.8513580816200865,259.57862500000005,77.43901897410557,-0.5640636649120678,0.5141447440663218,1.0,0.9980132579803467,0.002459419658407569,0.9999998807907104,0.03942618891596794
5,1.3657950009332827,0.984375,0.8777467930127704,0.6250896536843145,0.0,0.0,63,0.003805803604653406,0.6406033039093018,0.265,1.0,63,0.984375,52,0.8253968253968254,0.9013522709347022,38.68476190476191,22.78462777924074,-0.5481850437702216,0.38978574928045445,2.6031746031746033,1.134448786362263,-0.5750994917965021,0.3546364232778788,2.8037595238095254,1.5299319083503902,0.23213691504204595,0.7312095775767822,252.33098412698408,86.84444069120377,-0.6121832887284211,0.5765906299470596,0.984375,0.9984381794929504,0.006532663479447365,1.0230478048324585,0.03862239420413971
6,1.3716987869357613,1.0,0.845776419620961,0.6071008189634164,0.0,0.0,64,1.4411063513065014e-05,0.676007866859436,0.278,1.0,64,1.0,53,0.828125,0.9062154368369304,41.28734375,29.555944264764,-0.5036616341960654,0.5056253713053322,2.75,1.758905909933786,-0.5292008719535729,0.5498459765481664,2.8667904687500014,1.779765512188712,0.2622616744333871,0.850614057560519,263.36678125000003,101.00103997770101,-0.5389127700345029,0.6705812462207423,1.0,0.9973581433296204,0.0009647853439673781,0.9999997615814209,0.04001400247216225
7,1.3719864245595002,0.984375,0.8496633238262601,0.6319969440066453,0.0,0.0,63,0.003806951144629109,0.6597727537155151,0.29100000000000004,1.0,63,0.984375,53,0.8412698412698413,0.9040720320969601,43.494285714285716,27.645303382183574,-0.4659065944603996,0.47293927279899545,2.873015873015873,1.3626778432593494,-0.49074527154463216,0.42598238212508605,2.5394074603174617,1.3789473967808892,0.10579354013590396,0.6590486400064239,255.0887142857143,89.85824311966763,-0.5938737532326468,0.5966003188451995,0.984375,0.9973549246788025,0.0024666995741426945,1.0230478048324585,0.04673562943935394
8,1.4236468410785128,1.0,0.8798038698732853,0.6411117261025789,0.0,0.0,64,2.2892242327252066e-05,0.6567679643630981,0.30400000000000005,1.0,64,1.0,46,0.71875,0.9007153773508418,34.7646875,24.8034477170482,-0.6152473260203366,0.42432251019421224,2.3125,1.2103072956898178,-0.665966354053112,0.37835031036253114,2.651629843750001,1.5701550677654954,0.15942866019353052,0.7504336745736445,240.897984375,82.60081603268449,-0.6880909746633341,0.5484157209299722,1.0,0.9985910654067993,0.005673027131706476,0.9999999403953552,0.050369277596473694
9,1.3529722949333634,0.96875,0.8870259359959634,0.6132423421543571,0.0,0.0,62,0.007301962701690102,0.628229558467865,0.317,1.0,62,0.96875,51,0.8225806451612904,0.9102893112838939,39.593387096774194,25.740918094233297,-0.5326408288409661,0.44036019125443365,2.6774193548387095,1.5426641549959152,-0.5518900763571831,0.4822473300015874,2.453664516129034,1.6184831735187981,0.06481389806293732,0.773531417420946,238.76388709677425,92.08017455528861,-0.7022599932467554,0.6113524991340828,0.96875,0.997192919254303,0.002115282928571105,1.0446385145187378,0.04739319533109665
10,1.4152114082530147,1.0,0.8760348004288971,0.6204949594049745,0.0,0.0,64,0.00011795436773846812,0.617159366607666,0.33,1.0,64,1.0,50,0.78125,0.9056283427588279,44.950312499999995,28.265509126006272,-0.44099776131460905,0.48354938075889947,2.78125,1.5254994059323654,-0.519431908946463,0.4768815124454869,2.335192343750001,1.484642536538408,0.008191778707781948,0.7095641551559478,255.93937500000004,70.17635445177122,-0.5882259190913083,0.46592537298513903,1.0,0.998564600944519,0.004610655829310417,0.9999998211860657,0.04286409541964531
11,1.4247662909001728,1.0,0.881408205255866,0.6187263527863258,0.0,0.0,64,8.32989298452378e-05,0.5813178420066833,0.343,1.0,64,1.0,43,0.671875,0.9004013731127632,41.166875000000005,21.8466265183981,-0.5057225413321657,0.3737389861809634,2.609375,1.3534352992939855,-0.5731612054855676,0.42309309988223076,2.3413871875000014,1.4860556045855817,0.011152517716406185,0.7102395112840355,236.084265625,88.99187056152279,-0.7200509378384047,0.5908481682746659,1.0,0.9979307055473328,0.0005509642069227993,0.9999999403953552,0.0497271753847599
12,1.3921868472986334,0.96875,0.8840893396446782,0.639838762570189,0.0,0.0,62,0.006745742083484246,0.5959175229072571,0.356,1.0,62,0.96875,52,0.8387096774193549,0.8951221345487199,38.63887096774194,20.955937037326272,-0.54897011840233,0.3585016046393559,2.5,1.2668222881199318,-0.6073525760104523,0.3960172822152314,2.442716935483872,1.439316350231539,0.05958165486613529,0.6879011377616981,232.80454838709676,68.07673358025735,-0.7418261282040719,0.4519852553297001,0.96875,0.9988612532615662,0.002729257568717003,1.0446385145187378,0.054863713681697845
13,1.4630718034453554,1.0,0.873859170358628,0.6767586123589315,0.0,0.0,64,0.00017908999623037544,0.5976176857948303,0.369,1.0,64,1.0,47,0.734375,0.8861226978523761,35.23171875,23.889046820319106,-0.6072576354499031,0.4086794879720539,2.53125,1.310638560969423,-0.5975836130033424,0.4097145477696671,2.8628603125000014,1.5810383847144673,0.260383311170494,0.755635203834821,256.94821875,78.71679922879966,-0.5815278524251991,0.5226283742920917,1.0,0.9997038841247559,0.0005310674314387143,0.9999999403953552,0.046726759523153305
14,1.417685559660451,1.0,0.8964788145385683,0.6048170020922166,0.0,0.0,64,0.00033579765944868347,0.5851037502288818,0.382,1.0,64,1.0,48,0.75,0.9096277665514656,36.263906250000005,21.455209493936685,-0.5895995906495404,0.3670428584390906,2.609375,1.2822975900215208,-0.5731612054855676,0.4008549670728468,2.374421250000001,1.6930123048259844,0.026940686297264184,0.8091515743199884,236.49209375000004,92.12464385764251,-0.7173432242112304,0.6116477463928994,1.0,0.9997708201408386,0.0005279831239022315,0.9999999403953552,0.049027685075998306
15,1.4135350235032633,0.984375,0.8804157144493527,0.6659789481295405,0.0,0.0,63,0.0034201620350915512,0.5551909804344177,0.395,1.0,63,0.984375,49,0.7777777777777778,0.9061003890978863,33.21650793650794,21.595336515879165,-0.6417326536290788,0.3694400675035307,2.3174603174603177,1.232179599687324,-0.6644157250043643,0.38518774167875197,2.6380165079365088,1.2474690216087625,0.1529223565631111,0.5962103877643675,235.96519047619046,66.79672931135089,-0.7208415194175671,0.44348685909535757,0.984375,0.9982183575630188,0.006027397233992815,1.0230478048324585,0.051161862909793854
16,1.4446581062505173,1.0,0.8906452031806111,0.6406219701439622,0.0,0.0,64,0.0005833486308090274,0.5436431169509888,0.40800000000000003,1.0,64,1.0,50,0.78125,0.8973459137388732,34.23406249999999,21.675168520016026,-0.6243249403318765,0.3708057855591663,2.28125,1.178833507116251,-0.6757353170602219,0.3685113895219304,2.7408890625000013,1.5679435581934626,0.20208885655965106,0.7493767144755206,241.470421875,87.90194994082984,-0.684290361796197,0.5836118038939889,1.0,0.9990823864936829,0.0021130479872226715,0.9999998807907104,0.056677091866731644
17,1.467467772885123,1.0,0.9251968069002032,0.6400422262809982,0.0,0.0,64,0.001523774059727756,0.6185075044631958,0.42100000000000004,0.984375,64,0.984375,51,0.796875,0.9025902416558429,36.41375,21.955485753849764,-0.5870361536281133,0.37560128470379833,2.5625,1.2358574958303243,-0.5878146499962325,0.3863374770824308,2.519427343750001,1.6490282682293567,0.09624432260832123,0.7881300186256444,237.545375,82.96747430403452,-0.7103501214332604,0.5508500934928026,1.0,0.9994909167289734,0.004596527200192213,0.9999999403953552,0.047116152942180634
18,1.4302860890944598,1.0,0.8928488753736019,0.6550442035350867,0.0,0.0,64,0.0019889600669205764,0.5348122715950012,0.434,1.0,64,1.0,55,0.859375,0.8980540302727859,40.97796875,25.823566766841555,-0.5089542361798252,0.44177409518526706,2.8125,1.529654781315052,-0.509662945939353,0.4781805111140987,2.4933925000000015,1.529276651313662,0.08380133282765777,0.7308964066321048,264.480796875,73.04933289077233,-0.5315164304890211,0.4850000821407679,1.0,0.9989936947822571,0.00566572230309248,0.9999998807907104,0.04707099869847298
19,1.4187466067843226,1.0,0.8707230002619326,0.6148063712215206,0.0,0.0,64,0.001827620923522517,0.5364892482757568,0.44700000000000006,1.0,64,1.0,49,0.765625,0.9075081075543544,36.389375,24.2543764011647,-0.5874531465116823,0.41492932737184235,2.609375,1.4536289448738284,-0.5731612054855676,0.4544143164331738,2.560268906250001,1.6156033098738598,0.1157639767185492,0.772155026832711,249.62378125000004,86.14175270511045,-0.6301573559204138,0.5719252385261114,1.0,0.9993656873703003,0.0024236547760665417,0.9999999403953552,0.04918231815099716
20,1.4302831190726164,1.0,0.8931000041775405,0.6305607967009853,0.0,0.0,64,0.0030423809405998453,0.5964797735214233,0.46,1.0,64,1.0,48,0.75,0.9073907636463583,38.329218749999995,24.24566999388032,-0.5542674628609858,0.4147803833768049,2.578125,1.5083588712156666,-0.5829301684926775,0.4715232644592624,2.190909687500001,1.495256509514933,-0.060766100758875015,0.7146369552290861,243.04456250000004,82.52664394319783,-0.6738390913709392,0.5479232664739215,1.0,0.9998131394386292,0.007042253389954567,0.9999998807907104,0.040292467921972275
21,1.3963558436896313,0.96875,0.8906575893202135,0.6406896471297171,0.0,0.0,62,0.011894729770734393,0.545716404914856,0.47300000000000003,1.0,62,0.96875,52,0.8387096774193549,0.9015425260859657,41.015161290322574,26.02807012921636,-0.5083179685024358,0.4452726160786504,2.7903225806451615,1.4933951011704143,-0.5165957583960116,0.46684548794665537,2.4250050000000014,1.597276702569146,0.05111648279374386,0.7633960809524696,272.0092741935484,77.7536266643369,-0.4815322352418102,0.5162335346078106,0.96875,0.9982606768608093,0.002822201233357191,1.0446385145187378,0.045173171907663345
22,1.4035971121704256,1.0,0.8827453989069909,0.5938822848455501,0.0,0.0,64,0.005109694512606917,0.5119026899337769,0.48600000000000004,1.0,64,1.0,51,0.796875,0.8980003806661274,45.070156250000004,28.36420199235448,-0.4389475463037282,0.48523775913536,3.09375,1.5280578972997063,-0.42174227887536353,0.4776813142861769,2.395438125000001,1.512451425547359,0.03698540803086334,0.7228550250790672,272.639328125,82.71666657520852,-0.47734908672539494,0.549184893219666,1.0,0.996310293674469,0.003919647075235844,0.9999998807907104,0.045002393424510956
23,1.4500184785562114,1.0,0.8935059225186706,0.6245245496245649,0.0,0.0,64,0.009032045062342668,0.6087437868118286,0.49900000000000005,1.0,64,1.0,49,0.765625,0.9090030656055414,42.6525,26.01923062851782,-0.4803073596848984,0.4451213952012927,2.828125,1.29367074032576,-0.504778464435798,0.404410291379932,2.320654062500001,1.7115626828470965,0.0012434103304159677,0.818017468287343,256.577578125,82.6843864077064,-0.5839886652273982,0.5489705738922951,1.0,0.9994514584541321,0.004359197802841663,0.9999998807907104,0.05480468273162842
24,1.4129599371628117,0.953125,0.8737866927365787,0.6617911686925576,0.0,0.0,61,0.020401339700707743,0.5524137616157532,0.512,1.0,61,0.953125,49,0.8032786885245902,0.9112066456835977,39.67229508196722,25.549179537912124,-0.531290918347335,0.43708004300861963,2.737704918032787,1.2662276404804929,-0.5330443983825996,0.3958313913098892,2.2737260655737717,1.640782448564998,-0.021185170066963323,0.7841890443374153,254.87778688524594,82.49986985148502,-0.59527417405108,0.547745503910376,0.953125,0.999172031879425,0.007608179003000259,1.0648608207702637,0.0498395711183548
25,1.448758231653252,0.984375,0.9159967738484579,0.6324555217496819,0.0,0.0,63,0.01880724348267107,0.5629385709762573,0.525,1.0,63,0.984375,52,0.8253968253968254,0.8955926291422162,36.22301587301588,24.11175130972386,-0.5902991186991335,0.41248938283238795,2.4761904761904763,1.307574306451998,-0.6147955954444408,0.40875664092086406,2.798669523809526,1.4986887054645734,0.22970422066555013,0.7162773253245129,260.5821904761905,75.95986281987693,-0.557400642552729,0.5043241087790346,0.984375,0.9980238080024719,0.013849092647433281,1.0230478048324585,0.04922768846154213
26,1.458255122995014,1.0,0.9023262285627425,0.6264841336882804,0.0,0.0,64,0.012785855542928864,0.5469267964363098,0.538,1.0,64,1.0,51,0.796875,0.8987983272130021,33.115625,22.415492192552342,-0.6434584984125599,0.38347079901497283,2.453125,1.2491207845420713,-0.6220060205211173,0.3904836715393164,2.7251129687500018,1.7473008964316594,0.19454889299409153,0.8350980480934688,255.44162500000002,79.47745013829005,-0.591530655511647,0.5276786018435865,1.0,0.9986411929130554,0.001480019767768681,0.9999998807907104,0.05873788893222809
27,1.432758273967909,1.0,0.8902533478103578,0.6275702081029807,0.0,0.0,64,0.01855211719101678,0.5088992714881897,0.551,1.0,64,1.0,54,0.84375,0.9063581455214085,39.36359375000001,25.85078041418597,-0.536571995622354,0.44223964994541376,2.71875,1.5254994059323654,-0.5389698349606828,0.4768815124454869,2.6523596875000015,1.7088575456189021,0.15977747881560253,0.8167245857485064,272.498609375,81.22763489255394,-0.4782833677462881,0.5392986908435605,1.0,0.9990155100822449,0.006903353147208691,0.9999999403953552,0.048922691494226456
28,1.4646548851913421,0.984375,0.8916383683681488,0.696136273176539,0.0,0.0,63,0.016146815564970596,0.5084348917007446,0.5640000000000001,1.0,63,0.984375,56,0.8888888888888888,0.8996552249798226,38.13380952380952,20.59682171726035,-0.5576104067258124,0.35235807508661415,2.5555555555555554,1.1095226741143678,-0.5899855306644792,0.34684435068713454,2.5469685714285726,1.5687953501898606,0.10940726753866645,0.7497838165579531,261.0345396825397,65.05697082541262,-0.5543973378878704,0.43193599373910807,0.984375,0.9983159899711609,0.0009970089886337519,1.0230478048324585,0.050192009657621384
29,1.4987427052345397,1.0,0.910501791164279,0.629002840350593,0.0,0.0,64,0.023372264813164678,0.538092851638794,0.577,1.0,64,1.0,51,0.796875,0.9057666888564774,40.60234375,23.89688798660478,-0.5153802034368751,0.408813629942926,2.859375,1.6380932846987073,-0.49500950142868805,0.5120791264133401,2.5200267187500014,1.6816170118548248,0.09653078551439447,0.8037053532729423,270.73173437500003,87.46557127043661,-0.49001426912787627,0.5807145332056768,1.0,0.9993624091148376,0.007778318133205175,0.9999998807907104,0.04999475181102753
30,1.4450194571339696,1.0,0.8895558482035995,0.585221473341013,0.0,0.0,64,0.027240914297609463,0.51417475938797,0.5900000000000001,1.0,64,1.0,50,0.78125,0.9089874672740013,44.04578125,25.604151262825496,-0.4564719395388444,0.43802046631472785,2.796875,1.5829135271312202,-0.5145474274429079,0.4948295580799617,2.338784843750001,1.7710250609304574,0.009908763884120196,0.8464366810135655,262.822609375,97.35228870730543,-0.5425257175266907,0.6463559097827059,1.0,1.0001510381698608,0.011352885514497757,0.9999999403953552,0.04609234258532524
31,1.5636665780274521,1.0,0.9139371877536178,0.6701780079759045,0.0,0.0,64,0.022959722936556445,0.559561550617218,0.603,1.0,64,1.0,48,0.75,0.8986030088698789,39.3490625,26.750414933624747,-0.5368205875337125,0.4576300578395247,2.453125,1.1980412072942233,-0.6220060205211173,0.37451584752161904,2.459617500000001,1.5825004577872572,0.06765904352193008,0.7563339812301456,254.24796875,80.3677440379474,-0.5994557570339768,0.533589574570865,1.0,1.0001360177993774,0.003368623787537217,0.9999999403953552,0.04372698441147804
32,1.462645321670664,1.0,0.8896361984079704,0.6357215195880248,0.0,0.0,64,0.030229856464710964,0.5139196515083313,0.6160000000000001,1.0,64,1.0,54,0.84375,0.9064453358359235,47.26046875,27.52667555241231,-0.40147699347123006,0.4709098590222633,3.0625,1.6092991486979666,-0.4315112418824735,0.5030778832321264,2.3676045312500014,1.4062125581636948,0.023682730821963753,0.672079642908233,270.59165625,87.57236079598314,-0.49094429681522983,0.5814235462330686,1.0,0.9992275834083557,0.0022573363967239857,0.9999998807907104,0.045316632837057114
33,1.512235024391817,1.0,0.8999594738706946,0.6453603253858513,0.0,0.0,64,0.027894040469988255,0.5018433928489685,0.629,1.0,64,1.0,45,0.703125,0.8917966180036117,47.08515625,29.994426669392865,-0.40447613459536075,0.5131266653484273,2.953125,1.7627188472286215,-0.4657026124073583,0.5510379267363801,2.550630625000001,1.5045560121218862,0.11115749487258417,0.719081522556423,274.92907812500005,77.82423017895537,-0.4621466352568461,0.5167022960466123,1.0,0.9991323947906494,0.0031517334282398224,0.9999998807907104,0.04554886370897293
34,1.4968822091644989,1.0,0.8567246645689011,0.6284178127324227,0.0,0.0,64,0.025076697712099333,0.5288556218147278,0.6420000000000001,1.0,64,1.0,49,0.765625,0.8981229223119956,44.9359375,28.87679473419953,-0.4412436801946624,0.4940068883874006,3.0,1.7320508075688772,-0.45104916789669336,0.5414508884984082,2.2067875000000012,1.7695067992142979,-0.053177522138087394,0.8457110490412766,259.6379218750001,91.58517641745186,-0.5636699722100591,0.6080660332895648,1.0,0.9981086254119873,0.0,0.9999999403953552,0.047927115112543106
35,1.535369288736927,1.0,0.909354705363512,0.6240853486964072,0.0,0.0,64,0.03558750767339529,0.5479159355163574,0.655,1.0,64,1.0,51,0.796875,0.8974476257540271,42.977031249999996,28.632917773936757,-0.4747554736645605,0.48983478759166693,2.859375,1.549870836352178,-0.49500950142868805,0.48450018771593495,2.6171000000000015,1.7946220068321508,0.14292560386506087,0.8577145115828249,272.302015625,94.97517771905136,-0.47958862244369815,0.6305734381441923,1.0,0.9987308979034424,0.00046948358067311347,0.9999998807907104,0.043128084391355515
36,1.5050776802058956,1.0,0.8953088284470141,0.6071476006169737,0.0,0.0,64,0.023741706328988726,0.4121347665786743,0.6679999999999999,1.0,64,1.0,48,0.75,0.8964656024552771,45.8,30.894350413951095,-0.4264618170784038,0.5285220211324484,2.734375,1.62251913991022,-0.5340853534571278,0.5072105425955447,2.425436406250001,1.5688133598423688,0.051322667382812534,0.7497924240197172,264.407640625,105.42904922822615,-0.532002140431262,0.6999803490631457,1.0,0.9986838102340698,0.0,0.9999999403953552,0.0489640012383461
37,1.5376343333326616,0.984375,0.8930564593701136,0.6601042085943435,0.0,0.0,63,0.019554999542931956,0.49509546160697937,0.681,1.0,63,0.984375,52,0.8253968253968254,0.8995701050293972,30.843492063492057,21.801431666891226,-0.6823287862093378,0.37296581976240656,2.2222222222222223,1.160793987224268,-0.6941878027403184,0.3628721126422247,2.8497328571428593,1.6112437151186354,0.25410922731489044,0.7700714194368689,248.12957142857147,78.83929911781154,-0.6400779377717498,0.5234416939198264,0.984375,1.0002186298370361,0.00671140942722559,1.0230478048324585,0.04962923750281334
38,1.493931754222462,0.984375,0.8829813779346527,0.6254738857637131,0.0,0.0,63,0.02619816198622827,0.4789043366909027,0.6940000000000001,1.0,63,0.984375,58,0.9206349206349206,0.9047930149911678,38.33,26.846902750626324,-0.5542540977044611,0.4592807135540175,2.873015873015873,1.9719627116799099,-0.49074527154463216,0.6164489850176397,3.1053679365079385,1.8339499417474379,0.37628644146155893,0.8765107485391354,273.2127936507937,97.1428604719447,-0.4735416484352917,0.644965442446003,0.984375,0.9979708790779114,0.008699854835867882,1.0230478048324585,0.05018208175897598
39,1.5282685834040821,0.984375,0.8971562186876932,0.6219565196972229,0.0,0.0,63,0.0325142601255014,0.5671579837799072,0.7070000000000001,1.0,63,0.984375,47,0.746031746031746,0.899306639562539,36.186507936507944,25.15785554736334,-0.5909236745849836,0.43038550683513654,2.4444444444444446,1.4776405235221624,-0.6247196213564256,0.46192049958702613,2.6242717460317477,1.661748012234947,0.1463532396688107,0.7942092425377992,243.2656031746032,87.00290022196393,-0.6723715249867358,0.5776426982191898,0.984375,1.0000782012939453,0.014455343596637249,1.0230478048324585,0.05787685140967369
40,1.591063972149546,1.0,0.9156828140839934,0.6999377614640898,0.0,0.0,64,0.027020804010560805,0.4259095788002014,0.72,1.0,64,1.0,54,0.84375,0.9050470026655477,30.1871875,20.00885268674453,-0.6935564511295438,0.3422994534872689,2.328125,1.1733324270533905,-0.661081872549557,0.3667917143976669,2.8370121875000014,1.2890220843245739,0.24802956100733758,0.6160700934608196,249.634765625,71.77534034766536,-0.6300844268111883,0.4765415998576031,1.0,0.9987682104110718,0.0025138261262327433,0.9999999403953552,0.050191666930913925
41,1.526212156114999,0.984375,0.8924657047267944,0.6334457345575587,0.0,0.0,63,0.024245141802410386,0.4670346677303314,0.7330000000000001,1.0,63,0.984375,44,0.6984126984126984,0.8944887630814302,39.6779365079365,27.77023107280958,-0.531194408214725,0.47507646081752875,2.7936507936507935,1.5751919022292415,-0.5155553363245939,0.492415725503251,2.8069985714285735,1.5357560015441634,0.23368497259176324,0.7339931215376232,272.53333333333336,97.9886299238295,-0.47805282323646875,0.6505808017847342,0.984375,0.9983821511268616,0.011199253611266613,1.0230478048324585,0.05225849896669388
42,1.5892103794134091,1.0,0.9106566146947443,0.6717401327227821,0.0,0.0,64,0.02244509351493485,0.440369576215744,0.746,1.0,64,1.0,54,0.84375,0.8885524867805922,40.940937500000004,24.778020862673714,-0.5095877445990933,0.4238875228167474,2.828125,1.2444211442976207,-0.504778464435798,0.389014531965084,2.8305553125000014,1.6447832803784235,0.24494358782418674,0.7861011859982849,273.10479687500003,82.48714488353244,-0.47425867681950945,0.5476610183954779,1.0,0.9992033243179321,0.0,0.9999999403953552,0.052155014127492905
43,1.6582952718954587,1.0,0.9004954192787409,0.6677838965501848,0.0,0.0,64,0.026421140753716585,0.5321879982948303,0.7590000000000001,1.0,64,1.0,45,0.703125,0.8933847810864785,36.68625,29.28534021592544,-0.5823743870323167,0.5009960395051014,2.40625,1.4547202265384227,-0.6366594650317822,0.4547554585199501,2.8466320312500013,1.5145794596141007,0.25262723090780814,0.7238720892258559,257.922703125,87.31698514118686,-0.575057909672586,0.5797280179010282,1.0,0.9993327856063843,0.0032848427072167397,0.9999999403953552,0.04734303429722786
44,1.598304099784999,1.0,0.9186403919011354,0.6454162248005304,0.0,0.0,64,0.034964351663496734,0.517876923084259,0.772,1.0,64,1.0,43,0.671875,0.8960626639044624,42.637656250000006,25.815050645298683,-0.4805612976588666,0.44162840648459073,2.640625,1.315380024698186,-0.5633922424784576,0.41119676165017394,2.8167539062500015,1.4052556505508376,0.23834739855658132,0.6716223022857134,271.71059375000004,76.69566061932689,-0.48351527921938336,0.5092093278364875,1.0,0.999865710735321,0.0013471037382259965,0.9999999403953552,0.04598408564925194
45,1.6397300091424385,1.0,0.9051213380880654,0.6336514433557167,0.0,0.0,64,0.03488598485185529,0.4893028140068054,0.7850000000000001,1.0,64,1.0,49,0.765625,0.9010956610369962,43.578125,36.30873194197747,-0.4644723222344976,0.6211480135884173,2.828125,1.8075768266867662,-0.504778464435798,0.5650608368771901,2.7526987500000017,1.7612971494341016,0.20773313168134586,0.8417873616437745,271.68348437500003,94.59616318742012,-0.4836952678459934,0.6280570280457105,1.0,0.999006986618042,0.0018091361271217465,0.9999999403953552,0.04709388315677643
46,1.5872523819367297,0.984375,0.8861059125453706,0.6419068750236122,0.0,0.0,63,0.03724289636502333,0.5364097356796265,0.798,1.0,63,0.984375,49,0.7777777777777778,0.9071133203418345,40.01492063492062,32.307450016691234,-0.525429485842291,0.5526964817731362,2.761904761904762,1.7969487870584009,-0.5254793622365787,0.5617384392462269,2.728477142857144,1.5906117022779593,0.19615675300037816,0.760210637194569,266.93663492063496,86.40538670548189,-0.5152112623687544,0.5736755969041466,0.984375,1.000566840171814,0.012413793243467808,1.0230478048324585,0.0488901361823082
47,1.636964529310688,1.0,0.8997026910074055,0.6296743675427094,0.0,0.0,64,0.03619061358262843,0.5160486102104187,0.8109999999999999,1.0,64,1.0,43,0.671875,0.9010061194219482,40.648593749999996,25.074273909426786,-0.5145889861706161,0.4289556422929179,2.671875,1.2876175613803191,-0.5536232794713477,0.40251802638174233,2.7937301562500014,1.7255747825149579,0.2273435189591647,0.8247143555299575,262.878765625,86.97499724413304,-0.5421528765330098,0.5774574405856917,1.0,1.0007973909378052,0.002496255561709404,0.9999999403953552,0.04026329144835472
48,1.6428951932904563,1.0,0.9018393652513623,0.6294782852336225,0.0,0.0,64,0.03181077620316548,0.467204749584198,0.8240000000000001,0.984375,64,0.984375,44,0.6875,0.9092084123104274,41.7865625,26.61518464727596,-0.4951212991768163,0.4553166191913016,2.65625,1.5634372189186236,-0.5585077609749026,0.48874113137775604,2.5039950000000015,1.6123558196771828,0.08886864955197982,0.7706029342709856,255.26415624999998,98.14432021250948,-0.5927089326419273,0.6516144840896939,1.0,1.0002002716064453,0.006120527163147926,0.9999998807907104,0.046076372265815735
49,1.6365046132098797,1.0,0.903344051912427,0.6152225866615715,0.0,0.0,64,0.04050529936712314,0.5111842155456543,0.837,1.0,64,1.0,52,0.8125,0.9054072085451722,38.63921875,28.91660516169124,-0.5489641687520062,0.49468794130866744,2.59375,1.5280578972997063,-0.5780456869891225,0.4776813142861769,2.881878437500002,1.7427726831377965,0.26947275827049394,0.8329338518232222,267.64417187500004,90.87537145446008,-0.5105136769507218,0.6033533897686487,1.0,0.9994404315948486,0.011019283905625343,0.9999999403953552,0.043716203421354294
50,1.6567981873184134,1.0,0.8984854221343994,0.6340120213677758,0.0,0.0,64,0.02994343023918086,0.5036022663116455,0.8500000000000001,1.0,64,1.0,46,0.71875,0.8963317913223104,40.43718750000001,28.02942898035641,-0.5182055975261851,0.4795106631922157,2.671875,1.5005695533280021,-0.5536232794713477,0.4690882705938155,3.0180989062500023,1.7596589992320948,0.33457742787595135,0.8410044306448987,278.210203125,94.61358840257503,-0.44036209826602113,0.6281727201464733,1.0,0.9978176355361938,0.00954653974622488,0.9999998807907104,0.0402129702270031
51,1.649794680907731,0.984375,0.8967546134714096,0.6109228949530235,0.0,0.0,63,0.03262426087889075,0.5105065107345581,0.863,0.984375,63,0.96875,48,0.7619047619047619,0.9065100603980254,49.57238095238095,33.44565479236123,-0.36192618584747194,0.5721682065525658,3.015873015873016,1.8038060597900618,-0.446087154940701,0.5638820694428752,2.46506888888889,1.5292958491629483,0.07026445866811733,0.730905581975916,264.7695396825397,87.51789699833023,-0.5295993659542402,0.5810619420227351,0.984375,0.9967409372329712,0.008641382679343224,1.0230478048324585,0.04848290979862213
52,1.6795036378577604,1.0,0.8966130567714572,0.6550229506134052,0.0,0.0,64,0.03654706783075641,0.4658359885215759,0.8760000000000001,1.0,64,1.0,49,0.765625,0.8923691665219552,32.991093750000005,21.74274348181965,-0.6455889043625884,0.3719618174844815,2.34375,1.0928567781278569,-0.656197391046002,0.3416344780032124,2.866061562500002,1.6906568071399986,0.2619133038763406,0.8080257971147728,256.77503125000004,85.14553347981051,-0.5826777048386543,0.5653109904970002,1.0,0.9991686940193176,0.006718346383422613,0.9999999403953552,0.04645650088787079
53,1.6802839465876738,1.0,0.8979332321323454,0.6636188575626403,0.0,0.0,64,0.03297802428485765,0.40767353773117065,0.889,1.0,64,1.0,51,0.796875,0.8992619706331435,41.690312500000005,28.264693743296487,-0.4967678864606527,0.48353543168044344,2.8125,1.4238482187368147,-0.509662945939353,0.4451046584505383,2.6850070312500014,1.800935858239475,0.17538082057359022,0.8607321286383512,267.65620312500005,78.25807221985553,-0.5104337972720534,0.5195827251641146,1.0,0.9998554587364197,0.008559200912714005,0.9999998807907104,0.04715333506464958
54,1.7004923533035476,1.0,0.8852543281391263,0.6276056487223303,0.0,0.0,64,0.04529280735211076,0.4579891264438629,0.9020000000000001,1.0,64,1.0,55,0.859375,0.8913499983814057,39.39921875,28.810773175188274,-0.5359625444848303,0.49287743114556165,2.640625,1.7172578750365364,-0.5633922424784576,0.5368265169568046,3.1997392187500022,1.6813751083035675,0.42138987714191006,0.8035897388507817,278.429765625,104.36360075562483,-0.43890434600024403,0.692906463836828,1.0,0.9991121292114258,0.0017769880359992385,0.9999999403953552,0.04405894875526428
55,1.7493437037856974,1.0,0.8901004423387349,0.6671329539233966,0.0,0.0,64,0.03994701343460703,0.5597593188285828,0.915,1.0,64,1.0,53,0.828125,0.8874946030142328,41.68328125000001,24.263550148234664,-0.4968881728693744,0.4150862663356921,2.75,1.2747548783981961,-0.5292008719535729,0.398497064006557,2.628979062500001,1.5368540500409433,0.14860303579861556,0.7345179184734261,259.92268750000005,83.12300956599563,-0.5617793135818363,0.5518827465211295,1.0,0.9998151063919067,0.000953288865275681,0.9999998807907104,0.04833259806036949
56,1.7062958875105867,1.0,0.8588773780502379,0.6872672128924989,0.0,0.0,64,0.03501230390097987,0.5115179419517517,0.9280000000000002,1.0,64,1.0,51,0.796875,0.8933113493955217,42.8184375,23.01108497949616,-0.4774686004390636,0.39365984326771447,2.875,1.4306903927824497,-0.4901250199251331,0.4472435686950188,2.4421615625000013,1.4747404595070068,0.059316222108822876,0.704831595802329,254.26896875000003,76.2704711882671,-0.5993163306857555,0.506386346423396,1.0,0.9992755055427551,0.0009302325779572129,0.9999998807907104,0.059926409274339676
57,1.7017016772628888,1.0,0.8887224881909788,0.672144395453995,0.0,0.0,64,0.028810906336070537,0.483961284160614,0.9410000000000001,1.0,64,1.0,51,0.796875,0.8966015927488427,44.418125,34.23348369446754,-0.4501021059391979,0.5856459109894183,3.140625,1.9594896298207347,-0.4070888343646986,0.6125498146090977,2.4237596875000014,1.819931227473797,0.05052130308534891,0.8698106999381157,271.327921875,84.11033866860262,-0.4860559717002509,0.5584379699148924,1.0,0.9991937875747681,0.0031432420946657658,0.9999998211860657,0.05452125146985054
58,1.687814415988639,1.0,0.8819266399368644,0.6665799223560039,0.0,0.0,64,0.022435948616037704,0.46071165800094604,0.954,1.0,64,1.0,49,0.765625,0.8972723094728476,42.08234375000001,31.94853115472347,-0.49006125091658514,0.546556313107732,2.765625,1.6839517093358112,-0.5243163904500179,0.5264147825363548,2.7535873437500014,1.7603216158633515,0.20815782264767463,0.8413211190049441,268.236203125,74.95881114218241,-0.5065829743211823,0.4976777764075267,1.0,0.9987720251083374,0.0009144947398453951,0.9999999403953552,0.05088747292757034
59,1.7338972013113398,1.0,0.9022961435839534,0.6611160025980446,0.0,0.0,64,0.025441323854356247,0.4347957372665405,0.9670000000000001,0.984375,64,0.984375,50,0.78125,0.8870797430993578,47.021718750000005,32.277387477278864,-0.4055613853051619,0.5521821898758247,2.9375,1.7929985359726315,-0.47058709391091325,0.5605035638310053,2.5175131250000016,1.559778575108776,0.09532944850448874,0.7454743749010014,276.32612500000005,94.07570699599812,-0.4528711522056505,0.6246015372752777,1.0,0.9993177652359009,0.0017353579169139266,0.9999998807907104,0.048378586769104004
60,1.6910594793306677,1.0,0.8714953297749162,0.6752562068868749,0.0,0.0,64,0.01831140188256851,0.46812954545021057,0.98,1.0,64,1.0,52,0.8125,0.8912597759580643,45.679531250000004,29.10082931752587,-0.4285227242145041,0.4978395376969563,2.78125,1.7181817242364092,-0.519431908946463,0.5371153185138512,2.724836875000001,1.4426156430832031,0.1944169378441874,0.6894779886785266,274.38440625,95.41118834414137,-0.46576290242399176,0.6334682652509517,1.0,1.0007634162902832,0.002794597065076232,0.9999998807907104,0.052865274250507355
61,1.716586844566426,0.984375,0.8991825362992665,0.680320998185233,0.0,0.0,63,0.02394144100513422,0.4740546941757202,0.9930000000000001,1.0,63,0.984375,52,0.8253968253968254,0.8916181938574971,37.77761904761904,25.902510310060908,-0.5637038998034111,0.4431246139842902,2.7936507936507935,1.4159940157564583,-0.5155553363245939,0.4426493810628444,3.1053198412698433,1.5017524712006043,0.3762634550145549,0.7177416093474881,279.6954285714286,69.90041301799421,-0.43050116682408046,0.464093301250165,0.984375,0.9988091588020325,0.0,1.0230478048324585,0.054047029465436935
62,1.7077950177140613,1.0,0.8907450065016747,0.6545702550206075,0.0,0.0,64,0.017882588700013344,0.4470129907131195,1.006,1.0,64,1.0,59,0.921875,0.892702510867128,43.376875,27.45253243526679,-0.4679151865552465,0.46964146303394316,2.984375,1.5460856571920587,-0.45593364940024833,0.4833169149098393,2.6280890625000013,1.521861564339789,0.14817767273474905,0.7273524694253131,272.895359375,79.38982955355637,-0.4756492056673945,0.5270968581217567,1.0,0.9984233975410461,0.0004752851673401892,0.9999999403953552,0.0501738116145134
63,1.7450666563965211,1.0,0.9153269277885556,0.6669993263782115,0.0,0.0,64,0.03248461693766435,0.4443410634994507,1.0190000000000001,1.0,64,1.0,55,0.859375,0.9002520542713638,35.209375,23.17675808292383,-0.607639878926508,0.3964940793755348,2.546875,1.1849273118529253,-0.5926991314997875,0.37041635441937437,2.7433893750000014,1.2742515002564694,0.20328384598170074,0.6090106991975506,260.1205625,78.2371045785812,-0.5604655522173474,0.5194435136567959,1.0,0.9989222288131714,0.0,0.9999999403953552,0.05299555882811546
64,1.7600741724969924,0.984375,0.9294573532210456,0.657249873461855,0.0,0.0,63,0.023501196219229185,0.47352123260498047,1.032,1.0,63,0.984375,49,0.7777777777777778,0.897143671605908,36.98857142857144,24.721011361210294,-0.5772024533188934,0.4229122384513706,2.5555555555555554,1.4229164972072996,-0.5899855306644792,0.44481339594958597,2.9964592063492077,1.632768171337957,0.32423503568386397,0.7803587325217173,268.9592063492064,90.92575208484955,-0.5017827029257887,0.6036878844027577,0.984375,0.999255895614624,0.0042593469843268394,1.0230478048324585,0.05117453634738922
65,1.7621197763665624,0.984375,0.921008574111121,0.6443587939824914,0.0,0.0,63,0.015991192152718162,0.39754828810691833,1.0450000000000002,1.0,63,0.984375,51,0.8095238095238095,0.8968728428751179,38.15460317460318,28.156324211382742,-0.5572546814169149,0.48168151071208526,2.507936507936508,1.572310158354259,-0.6048715695324562,0.4915148727253096,2.801007619047621,1.6177369854759691,0.2308216806139639,0.7731747872724983,264.5424603174604,105.22002703915949,-0.531107025317545,0.6985925776098709,0.984375,0.9980435967445374,0.006211180239915848,1.0230478048324585,0.04794394597411156
66,1.7649333349079899,1.0,0.908115966245532,0.622400450012468,0.0,0.0,64,0.016159538217462577,0.4377369284629822,1.058,1.0,64,1.0,50,0.78125,0.9052299060095279,40.8515625,26.57716772783725,-0.5111167185055129,0.4546662485303311,2.71875,1.5659337270459437,-0.5389698349606828,0.48952155683512366,2.8963189062500017,1.7847931751861323,0.2763743785302368,0.8530169588376785,268.9705625,101.68610499548281,-0.501707305466979,0.675129632588524,1.0,0.9986035823822021,0.005633802618831396,0.9999998807907104,0.046730998903512955
67,1.764686819472109,1.0,0.9112542076036334,0.5675579746572204,0.0,0.0,64,0.029592288727048215,0.436025470495224,1.0710000000000002,1.0,64,1.0,47,0.734375,0.9102681172587377,45.00515625,31.357550974216498,-0.4400595273265788,0.5364461785599697,2.875,1.964529205687714,-0.4901250199251331,0.6141252203760111,2.7580300000000015,1.8877654156079964,0.21028112812431124,0.9022311022972983,271.86323437500005,116.12897217193782,-0.4825018446987189,0.7710208815531499,1.0,0.9988614916801453,0.0013630167813971639,0.9999998807907104,0.045954182744026184
68,1.8211250945597464,1.0,0.9118575742468238,0.6668214520232905,0.0,0.0,64,0.01736583325938843,0.4423774778842926,1.084,1.0,64,1.0,40,0.625,0.9001759975646187,40.7946875,28.010055447148687,-0.5120897019005072,0.4791792324034072,2.484375,1.6007048008221254,-0.6122370575140074,0.500391231505108,2.694543750000001,1.4532449912657763,0.17993876204183157,0.6945581371165549,253.63701562500003,82.86607703538364,-0.6035120886126952,0.550176881545774,1.0,0.9991452097892761,0.004814636427909136,0.9999999403953552,0.05355079844594002
69,1.8310487544115208,1.0,0.9172024754807353,0.6304486567033665,0.0,0.0,64,0.03769176560176453,0.4169369041919708,1.097,1.0,64,1.0,49,0.765625,0.905260956658116,34.6984375,23.422233108920118,-0.6163806912936267,0.4006935189215598,2.390625,1.2822975900215208,-0.6415439465353372,0.4008549670728468,3.0817700000000015,1.6608404358496125,0.3650081374458873,0.79377547908616,265.793890625,95.6952741698417,-0.522798341611183,0.635354410453752,1.0,1.0001220703125,0.0028943559154868126,0.9999998807907104,0.050586916506290436
70,1.858412473454365,1.0,0.9186385362409055,0.6583764739370637,0.0,0.0,64,0.032951962543254006,0.42358651757240295,1.1099999999999999,0.984375,64,0.984375,52,0.8125,0.890635019261825,36.8596875,22.376273285610896,-0.5794073222838453,0.38279986547257544,2.453125,1.3570382214127206,-0.6220060205211173,0.4242193978948842,3.0715565625000014,1.5982016769317833,0.36012676770699853,0.7638381595242556,278.34798437500007,92.36011589755147,-0.439447320335504,0.6132111276611235,1.0,0.999187171459198,0.010787992738187313,0.9999999403953552,0.04871527478098869
71,1.8115693750005155,0.984375,0.9039339333299606,0.6525467767048576,0.0,0.0,63,0.03560261509511058,0.41203513741493225,1.123,1.0,63,0.984375,51,0.8095238095238095,0.8978050486673307,35.175396825396824,21.303340585002744,-0.6082211571626593,0.36444477621300503,2.4285714285714284,1.0190921218586997,-0.629681634312418,0.3185751436567939,3.279688412698415,2.1298582353585105,0.45960047724479686,1.017935982689664,282.87146031746033,100.96482022786581,-0.40941438072008757,0.670340770627742,0.984375,0.9972371459007263,0.009502262808382511,1.0230478048324585,0.041773371398448944
72,1.8961550759418624,1.0,0.8895009271800518,0.6569828920274327,0.0,0.0,64,0.03968949470372701,0.45752593874931335,1.136,1.0,64,1.0,48,0.75,0.9000355626421388,40.464687500000004,28.620746407149202,-0.5177351440165177,0.4896265671472067,2.515625,1.5308513511686888,-0.6024680945068974,0.47855456700643795,2.737052031250002,1.6030822368879165,0.2002550010892556,0.7661707549583296,265.984453125,82.19456436805332,-0.5215331304929495,0.5457184739748144,1.0,0.9994240999221802,0.008662175387144089,0.9999998807907104,0.04291673004627228
73,1.908546798830312,1.0,0.9134147972799838,0.6310949051948143,0.0,0.0,64,0.041626014743270295,0.4611418843269348,1.149,1.0,64,1.0,45,0.703125,0.9041693625690476,27.860468750000003,22.232509307155894,-0.7333605602912452,0.38034043753701446,2.265625,1.265432084062594,-0.6806197985637769,0.3955826949509605,2.9858948437500015,1.6688648812609819,0.31918594619735047,0.7976106506434758,245.25757812500004,87.45239010112962,-0.6591461062685471,0.580627018810355,1.0,0.9978522658348083,0.00671785045415163,0.9999999403953552,0.051417045295238495
74,1.8324599180455812,0.984375,0.8947758244143592,0.6119233384944588,0.0,0.0,63,0.049152353570499505,0.5077605247497559,1.162,1.0,63,0.984375,48,0.7619047619047619,0.9129026790969317,44.838888888888896,30.74470129137037,-0.4429039296385017,0.5259619136802022,3.0793650793650795,1.6261902825226284,-0.4262391031167316,0.508358166799527,2.1799153968253977,1.5858255162350952,-0.06602066836156066,0.7579231464536379,253.85473015873018,90.30718915540123,-0.6020666056416153,0.5995810286695198,0.984375,1.000667929649353,0.005563282407820225,1.0230478048324585,0.05966373160481453
75,1.8932230584998835,1.0,0.9180208425968885,0.6230471395908903,0.0,0.0,64,0.03344756927055459,0.4586902856826782,1.175,1.0,64,1.0,53,0.828125,0.9084868607063161,42.913593750000004,23.7923653962245,-0.4758407243743616,0.4070255201435098,2.8125,1.4670868242881878,-0.509662945939353,0.45862134127007054,2.1734650000000006,1.5921121443453279,-0.06910354539168073,0.7609277525147154,252.36739062500004,95.23158139481248,-0.6119415732489026,0.6322757918671384,1.0,0.9985972046852112,0.005368472542613745,0.9999998807907104,0.05722203850746155
76,1.8938120486502537,0.984375,0.9157338899279398,0.6710135000812008,0.0,0.0,63,0.051021003843495144,0.48255109786987305,1.1880000000000002,1.0,63,0.984375,56,0.8888888888888888,0.9003259774831027,37.33206349206348,30.087544813175725,-0.5713261970711561,0.5147196747141136,2.634920634920635,1.4287477845289638,-0.5651754658845174,0.4466362961137193,2.7144912698412713,1.6478343294313176,0.1894724004196117,0.7875593922602474,266.13219047619043,71.08377680604305,-0.5205522505228374,0.47195006751611124,0.984375,0.9984992742538452,0.000500751135405153,1.0230478048324585,0.06555581092834473
77,1.9470067866834309,0.984375,0.9430238140953912,0.6468922473478714,0.0,0.0,63,0.0402781453895279,0.489650696516037,1.201,1.0,63,0.984375,46,0.7301587301587301,0.9018016849515503,38.689365079365075,25.733945210651484,-0.5481062954193973,0.44024090334339483,2.4603174603174605,1.1102037111140135,-0.6197576084004331,0.3470572474953269,2.444050000000001,1.601825580269698,0.060218774424464126,0.7655701534871456,251.33701587301587,78.7067405605544,-0.6187825917712118,0.5225615912739295,0.984375,0.9970491528511047,0.0018752929754555225,1.023047924041748,0.06549762189388275
78,1.8762073719288859,1.0,0.8975285040214658,0.5950947622723028,0.0,0.0,64,0.05693876481035609,0.5193432569503784,1.214,1.0,64,1.0,51,0.796875,0.9015863341238259,40.161874999999995,23.97009561900776,-0.5229154786854707,0.41006602221923266,3.078125,1.417575918381446,-0.4266267603789185,0.44314389460602377,2.7711142187500015,1.7514544190720167,0.2165345476476843,0.8370831662014935,274.4274375,110.2839756452455,-0.46547720289794914,0.7322139043587507,1.0,1.0011954307556152,0.006669445428997278,0.9999998807907104,0.05962266027927399
79,1.9339207644036236,1.0,0.9026390151120722,0.6593672547070412,0.0,0.0,64,0.04577492765129454,0.43875831365585327,1.227,1.0,64,1.0,52,0.8125,0.9002144927160296,40.279375,27.458557857421702,-0.5209053591441638,0.46974454234303437,2.859375,1.3330789959244727,-0.49500950142868805,0.41672958069572585,2.7268092187500015,1.8263114976925716,0.19535959197957892,0.8728600609364924,267.95875,88.56680585562945,-0.5084250827031493,0.5880260149555977,1.0,0.9988211989402771,0.005113900639116764,0.9999998211860657,0.0532541386783123
80,1.963862784495665,1.0,0.9301520688459277,0.6389981079073195,0.0,0.0,64,0.027084353432408177,0.42795759439468384,1.24,1.0,64,1.0,42,0.65625,0.8997708034228931,37.07140625,26.543801175320784,-0.5757853648656661,0.45409543355808096,2.65625,1.4918397827850014,-0.5585077609749026,0.46635928481797134,2.751875000000002,1.5409933103024422,0.2073394318792558,0.7364962200767663,261.49453125,94.67777468454666,-0.5513432929134157,0.6285988753322448,1.0,0.9990160465240479,0.011396011337637901,0.9999998807907104,0.05399942398071289
81,1.969285862219544,1.0,0.9192009586840868,0.6732847245686249,0.0,0.0,64,0.039252315701502116,0.4646775424480438,1.2530000000000001,1.0,64,1.0,55,0.859375,0.8948785071374694,37.3371875,24.486181336926418,-0.5712385386159815,0.4188949072113828,2.765625,1.5282975362719786,-0.5243163904500179,0.47775622706234294,3.038666875000002,1.6498703765465532,0.3444076011400122,0.7885324925289143,284.592765625,86.03401243108421,-0.3979860324722756,0.5712099131468813,1.0,0.9997866749763489,0.008035714738070965,0.9999998807907104,0.05280167609453201
82,1.9092730405722294,1.0,0.8743347027339041,0.6141233948151977,0.0,0.0,64,0.03898314399372467,0.4775061309337616,1.266,1.0,64,1.0,45,0.703125,0.9068815812772641,41.08265625,34.27569762429112,-0.5071633052055226,0.5863680815873225,3.09375,1.8432202628823284,-0.42174227887536353,0.5762032179856935,2.524038281250001,1.483170976403424,0.09844805575697041,0.7088608435518121,274.4582968750001,103.93291217650933,-0.4652723167091562,0.6900469716555586,1.0,0.9992954730987549,0.0013717421097680926,0.9999998807907104,0.0641050785779953
83,1.9100994904983861,0.984375,0.9070681981624119,0.6128897981479247,0.0,0.0,63,0.036876787039307524,0.4159031808376312,1.279,1.0,63,0.984375,56,0.8888888888888888,0.8976529063944976,40.919999999999995,30.72298420938563,-0.509945930793954,0.5255903908642219,2.873015873015873,1.8386681126074589,-0.49074527154463216,0.5747801847812772,3.2522693650793677,1.3012127805535079,0.4464959265666567,0.6218964663806033,305.89469841269846,104.21868734169762,-0.256555046822632,0.6919443329743451,0.984375,0.9974209666252136,0.0008554320083931088,1.023047924041748,0.05094626173377037
84,1.9799334548912493,1.0,0.9326335797086358,0.647673060933232,0.0,0.0,64,0.02584063743999175,0.38881081342697144,1.292,1.0,64,1.0,49,0.765625,0.9084542172687244,36.7484375,25.379382701488108,-0.5813105205729548,0.43417526054948785,2.515625,1.5410242890282424,-0.6024680945068974,0.4817346967223934,2.619130468750001,1.604347769629094,0.14389603803201081,0.7667755986484542,257.50259375,94.80282851887237,-0.577847162815907,0.6294291514965826,1.0,0.998701274394989,0.0,0.9999998807907104,0.054009683430194855
85,1.9928660723892069,1.0,0.9201976000331342,0.6589607141378975,0.0,0.0,64,0.025903894365887165,0.3813400864601135,1.305,1.0,64,1.0,52,0.8125,0.9083763895863576,34.50828125,27.696150147329114,-0.6196337703917254,0.47380912876692133,2.5625,1.4986973510352248,-0.5878146499962325,0.4685030073957366,2.8298093750000017,1.7261263973615502,0.24458707741918348,0.8249779921380709,262.00960937499997,89.33089060037852,-0.5479235090078265,0.5930990409409264,1.0,1.0000877380371094,0.0,0.9999999403953552,0.05421110615134239
86,1.935562639555466,0.984375,0.9097443251382737,0.6529325682146548,0.0,0.0,63,0.032269994033319864,0.3566272556781769,1.318,1.0,63,0.984375,49,0.7777777777777778,0.9005160753812494,35.921904761904756,25.352490930318503,-0.5954503470272108,0.43371521225392723,2.746031746031746,1.3329553508074294,-0.530441375192571,0.4166909283893449,2.8303950793650805,1.8183105250456166,0.2448670066363183,0.8690361078589393,267.76463492063493,81.21290780554408,-0.5097138806388896,0.5392009125596691,0.984375,0.998343288898468,0.0004759638395626098,1.0230478048324585,0.05883023515343666
87,2.0208386922599857,1.0,0.9152924697846174,0.666536750759382,0.0,0.0,64,0.026117340737177006,0.506386399269104,1.331,1.0,64,1.0,51,0.796875,0.8975247906121115,35.61015625,30.27627812600297,-0.6007835536293644,0.5179484110563232,2.609375,1.4643384545162366,-0.5731612054855676,0.4577621821458449,2.8485492187500014,1.5950889990641062,0.25354352388422047,0.7623504986314183,259.686640625,84.01528094273375,-0.5633465113813737,0.5578068484106967,1.0,0.9986514449119568,0.0004933399031870067,0.9999998807907104,0.050806157290935516
88,2.0416826022930508,1.0,0.9339676974341273,0.6569917364713307,0.0,0.0,64,0.029762157675910728,0.334661602973938,1.344,0.984375,64,0.984375,50,0.78125,0.9099948969098017,31.8515625,22.952158342051273,-0.6650833216694375,0.3926517616895743,2.296875,1.2708226604743087,-0.6708508355566669,0.39726782588065773,2.708433750000001,1.372002901964293,0.18657729345431284,0.6557296157455321,249.06064062500005,88.54059914337452,-0.6338962435813071,0.5878520194228077,1.0,0.9996690154075623,0.0009732359903864563,0.9999999403953552,0.05280403792858124
89,2.018990075576858,1.0,0.9041680796071887,0.6517046098123005,0.0,0.0,64,0.03438050081407777,0.4142143726348877,1.357,1.0,64,1.0,52,0.8125,0.8975432304163901,31.695156250000004,20.358390238439434,-0.6677590260056716,0.34827913232201324,2.296875,0.9949825296833106,-0.6708508355566669,0.31103832080630167,2.8846151562500015,1.517794688848546,0.270780734756383,0.725408763111471,256.597328125,82.46540397078168,-0.5838575380665713,0.5475166728682477,1.0,0.9992221593856812,0.0,0.9999999403953552,0.053691715002059937
90,2.0567284252621265,1.0,0.9188140705227852,0.6555515176766036,0.0,0.0,64,0.02086042709299943,0.42999497056007385,1.37,1.0,64,1.0,51,0.796875,0.8937638801903313,33.920625,24.76396234166445,-0.6296870411295644,0.4236470180694913,2.421875,1.4230764155079656,-0.6317749835282273,0.44486338750041365,2.7119004687500015,1.6289418587109616,0.1882341632397783,0.7785299998674133,251.05746875,81.24309251002684,-0.6206386029387283,0.5394013193748199,1.0,0.9996017813682556,0.002540650311857462,0.9999998807907104,0.04870377108454704
91,2.0488120248123844,0.984375,0.922065606192937,0.6569884916146871,0.0,0.0,63,0.03276778026956349,0.3976008892059326,1.383,1.0,63,0.984375,44,0.6984126984126984,0.886636195911149,33.34111111111111,26.91620442540505,-0.6396010172360687,0.46046628504948983,2.4126984126984126,1.4974573225486671,-0.6346436472684103,0.46811536603852233,2.6106792063492072,1.4216264945513941,0.1398568752585916,0.6794465184229723,244.22806349206346,80.55125972330816,-0.6659814141595304,0.5348079994209204,0.984375,0.9979662895202637,0.003027245169505477,1.0230478048324585,0.05817869305610657
92,2.073376034240586,1.0,0.9096187897957861,0.6843752035885375,0.0,0.0,64,0.029112349318047726,0.4044523239135742,1.3960000000000001,1.0,64,1.0,53,0.828125,0.8811167840614498,37.91484375,24.672529891066823,-0.5613563418816581,0.4220828465319946,2.65625,1.3136155973114814,-0.5585077609749026,0.4106451896223516,3.0597253125000017,1.530788213125401,0.35447218708972583,0.7316188364786949,280.95540625,71.0308394567368,-0.42213573413058253,0.4715985979304788,1.0,0.99997478723526,0.001408450654707849,0.9999999403953552,0.05973639339208603
93,2.092865884943309,1.0,0.9453448858112097,0.6278461501884274,0.0,0.0,64,0.0333908932823021,0.4574781060218811,1.409,1.0,64,1.0,52,0.8125,0.9036995587442134,29.543906250000006,27.018689516309095,-0.7045613210119374,0.4622195385296501,2.375,1.6723860200324565,-0.6464284280388921,0.5227992692257564,3.092189218750002,1.5746831737193063,0.36998785745779456,0.7525978195422132,262.57357812500004,89.79829755690754,-0.544179123135284,0.5962023192781659,1.0,1.000093936920166,0.002336448524147272,0.9999999403953552,0.060655705630779266
94,2.071401416793485,1.0,0.9176674553891644,0.6348040836497031,0.0,0.0,64,0.02799395209878551,0.37964725494384766,1.422,1.0,64,1.0,47,0.734375,0.898375970543981,39.587656249999995,29.199925499807975,-0.5327388687310857,0.49953481576056613,2.703125,1.4966596922396889,-0.5438543164642378,0.4678660213671061,2.7674990625000015,1.5791455794122498,0.21480673423323843,0.7547305639891418,277.30437500000005,83.88501994015012,-0.4463762081510123,0.5569420000342267,1.0,0.9990418553352356,0.00047755491686984897,0.9999998807907104,0.06113292649388313
95,2.0869308128360315,1.0,0.9106095558963716,0.6685981434437493,0.0,0.0,64,0.023216498099420505,0.39257580041885376,1.4349999999999998,1.0,64,1.0,49,0.765625,0.8878910916494608,35.84296875,22.385248468556775,-0.5968007369850199,0.3829534075204589,2.59375,1.2464794171986957,-0.5780456869891225,0.3896579621036164,3.110342343750002,1.342533459059009,0.378663889894598,0.6416451072908848,275.03028125000003,77.36187808957267,-0.46147471229744974,0.5136325787411324,1.0,0.9980848431587219,0.0035858359187841415,0.9999998807907104,0.05545728653669357
96,2.1022518409124973,1.0,0.9144445471465588,0.6540718177697383,0.0,0.0,64,0.03267919390189503,0.3542957305908203,1.448,1.0,64,1.0,51,0.796875,0.9008702504274342,31.6971875,21.117262892947178,-0.6677242765987076,0.3612614706385186,2.359375,1.38481934178253,-0.651312909542447,0.4329039654849238,2.9656770312500016,1.5646373458385665,0.3095231252201794,0.7477965564788098,256.180875,82.56243463897871,-0.5866225160867645,0.5481608934269228,1.0,0.9963752031326294,0.020738491788506508,0.9999999403953552,0.06624016165733337
97,2.1191729194121596,0.984375,0.9311098844285995,0.668263306317347,0.0,0.0,63,0.026917996633172746,0.3889244794845581,1.4609999999999999,1.0,63,0.984375,47,0.746031746031746,0.8967862425954198,31.397936507936503,25.2832170420611,-0.6728436831255354,0.4325301161135995,2.3174603174603177,1.467374253831056,-0.6644157250043643,0.45871119370435626,2.629392063492065,1.4200018340443774,0.14880042385183398,0.678670034635323,241.16988888888892,72.42737132150533,-0.6862857054520771,0.48087066164853776,0.984375,0.9990407824516296,0.0055555556900799274,1.0230478048324585,0.06816056370735168
98,2.144419389426225,1.0,0.9288897942751646,0.6558320025665325,0.0,0.0,64,0.034334311252796144,0.38778674602508545,1.474,1.0,64,1.0,52,0.8125,0.9059908906424753,30.62,23.121499126894864,-0.6861521544148897,0.3955487422917388,2.390625,1.3183463541023657,-0.6415439465353372,0.4121240564410966,2.669911718750001,1.4368514358143427,0.16816622689378657,0.6867230663587006,240.88392187500003,84.12450919977648,-0.6881843405215178,0.5585320530298412,1.0,0.9996403455734253,0.004682622384279966,0.9999998211860657,0.06798570603132248
99,2.1491895467901876,1.0,0.9202498085796833,0.6627743647455553,0.0,0.0,64,0.015474658413359012,0.3957064151763916,1.4869999999999999,1.0,64,1.0,51,0.796875,0.89330245728759,30.945625,26.208805406950063,-0.6805815571754172,0.4483645268324889,2.375,1.4415703243338496,-0.6464284280388921,0.4506447094580752,2.7111429687500017,1.369059699343952,0.18787212669946493,0.6543229531790504,251.02218750000003,79.18531365152158,-0.6208728475029271,0.5257390054849054,1.0,0.9983607530593872,0.0072053526528179646,0.9999998807907104,0.06458786875009537
100,2.1319835699076197,1.0,0.9202622352167964,0.6467623829750637,0.0,0.0,64,0.023943417407265487,0.3100703954696655,1.5,1.0,64,1.0,48,0.75,0.9050710392602864,30.8,20.486865075579527,-0.6830728223516114,0.35047700279606864,2.359375,1.2914041231833666,-0.651312909542447,0.4037017314114417,2.532480000000001,1.3497187820153511,0.10248265727584775,0.6450792319960323,235.34984375,73.15763228130638,-0.7249270216519774,0.4857191196901367,1.0,0.9993934631347656,0.004235045053064823,1.0,0.07300449162721634
101,2.1087554749101933,0.984375,0.9101080175430055,0.6870763610819532,0.0,0.0,63,0.027923902118030336,0.4146841764450073,1.5,1.0,63,0.984375,56,0.8888888888888888,0.8867733485700553,28.57285714285714,19.629649862936848,-0.7211734468488429,0.3358122789659537,2.3174603174603177,1.1795263621053522,-0.6644157250043643,0.3687279807141807,3.077229365079367,1.4623487240041024,0.36283800443269504,0.6989091389707098,264.4026031746032,72.57039106231805,-0.5320355858271273,0.4818202197525883,0.984375,1.0006060600280762,0.02154308557510376,1.0230478048324585,0.06584031134843826
102,2.1604810738484863,1.0,0.9270616853609681,0.6714858588304782,0.0,0.0,64,0.019710922366154453,0.3336024582386017,1.5,1.0,64,1.0,56,0.875,0.8874985575905238,30.842656250000005,22.552849337873827,-0.6823430848053655,0.3858206226911331,2.3125,1.0588171466310885,-0.665966354053112,0.3309934571754497,3.1547909375000014,1.4718528503946142,0.39990747418905376,0.7034515033761529,268.10732812500004,75.88837836031261,-0.5074386205415157,0.5038494984384813,1.0,1.0003799200057983,0.0,0.9999999403953552,0.06413192301988602
103,2.12399411767722,0.984375,0.9236783829946367,0.6783913773138326,0.0,0.0,63,0.025942717984471238,0.4247051477432251,1.5,1.0,63,0.984375,56,0.8888888888888888,0.8935776373502049,27.609841269841272,19.10298327005692,-0.73764814493342,0.32680238270977147,2.238095238095238,1.0033955955097849,-0.6892257897843261,0.31366830252902833,3.2950414285714302,1.7196038904895667,0.4669382366507965,0.8218606511187918,266.1751904761905,84.66455175646094,-0.5202667584764792,0.5621175845328203,0.984375,0.9999147057533264,0.0047483379021286964,1.0230478048324585,0.06298007071018219
104,2.1319044195327495,0.984375,0.9225937208485981,0.6879087906358295,0.0,0.0,63,0.018028840249693534,0.3690599501132965,1.5,1.0,63,0.984375,56,0.8888888888888888,0.8771050895574661,30.768730158730158,22.92314415759851,-0.6836077680451438,0.39215540442026725,2.380952380952381,1.361938061530961,-0.644567673180395,0.4257511213142713,3.093240317460319,1.503512940380616,0.3704902153991955,0.7185830009927158,268.3364603174603,73.13592846717931,-0.505917331738913,0.4855750204736506,0.984375,0.9997109770774841,0.0009569377871230245,1.0230478048324585,0.06003892794251442
105,2.140072776245816,1.0,0.9169731624424458,0.6766996297767987,0.0,0.0,64,0.022916562893392674,0.3259517252445221,1.5,1.0,64,1.0,55,0.859375,0.8927931134600144,37.9671875,23.21938471331322,-0.5604608763945068,0.3972233102072436,2.546875,1.2238475127134916,-0.5926991314997875,0.3825830744973315,2.971004843750002,1.6214469305501815,0.31206947875805296,0.7749479036809749,271.79789062500004,76.51553865272184,-0.48293568471974657,0.5080134350727654,1.0,0.998661994934082,0.0,0.9999998807907104,0.06642662733793259
106,2.1428896609592822,1.0,0.9108398822136223,0.7025237265642181,0.0,0.0,64,0.01612348171432322,0.32017573714256287,1.5,1.0,64,1.0,55,0.859375,0.8797427461975693,36.92,23.391846870223823,-0.5783755322001426,0.4001736893710046,2.515625,1.2373382154346482,-0.6024680945068974,0.38680036012366414,2.8951453125000013,1.3855613694410673,0.2758134757962649,0.6622096958211025,266.69684374999997,66.43247646934887,-0.5168033198571984,0.4410684570196652,1.0,0.9989467263221741,0.0038554216735064983,0.9999999403953552,0.06881929188966751
107,2.1262448522790596,1.0,0.9284811243414879,0.6679956994088063,0.0,0.0,64,0.028758731075159735,0.33872273564338684,1.5,1.0,64,1.0,58,0.90625,0.891166710068768,38.9071875,27.847808737221026,-0.5443799200640524,0.47640361298095335,2.5625,1.6092991486979666,-0.5878146499962325,0.5030778832321264,3.206150625000002,1.4831756241738077,0.42445411917134146,0.7088630648887229,285.3616875,89.0429708860551,-0.3928808910866253,0.5911874412100211,1.0,0.997778058052063,0.0018273184541612864,0.9999999403953552,0.06302566826343536
108,2.1347374915029094,1.0,0.9145248737186193,0.6398211612783613,0.0,0.0,64,0.026341816114154655,0.3815045952796936,1.5,1.0,64,1.0,49,0.765625,0.888284923267509,33.5453125,23.103029155336838,-0.6361076623240044,0.39523276909381394,2.390625,1.2822975900215208,-0.6415439465353372,0.4008549670728468,2.9001104687500012,1.5831775070116423,0.27818650284691304,0.7566575674464073,256.6911875,86.97553479425177,-0.5832343728331151,0.577461009569027,1.0,0.9981875419616699,0.0,0.9999999403953552,0.061039116233587265
109,2.120805593599166,1.0,0.9102608519606292,0.6457669155363099,0.0,0.0,64,0.02725418574840338,0.412911593914032,1.5,1.0,64,1.0,51,0.796875,0.889619626593067,32.65625,22.31618859566974,-0.6513172104490519,0.3817719726267535,2.375,1.3287682265918312,-0.6464284280388921,0.4153820048191576,3.242193281250002,1.4163928213346395,0.44168020309537953,0.6769451574401006,274.18656250000004,73.45146140923508,-0.46707645630879574,0.4876699540857616,1.0,0.9988151788711548,0.0014499758835881948,0.9999999403953552,0.05839217081665993
110,2.1599596910687486,1.0,0.9279374768957496,0.6562243285631539,0.0,0.0,64,0.03723061052491809,0.38308677077293396,1.5,1.0,64,1.0,52,0.8125,0.8952616432403565,27.74,22.84257681665972,-0.7354214674273457,0.39077710666356774,2.046875,1.1240230132764186,-0.7490025396135465,0.35137725554680244,3.032594843750002,1.7414440307956303,0.3415055586496815,0.8322988410017869,245.65606250000002,78.6249856669055,-0.6565004290671442,0.5220187919277067,1.0,0.9996495246887207,0.0005263157654553652,0.9999999403953552,0.06186779588460922
111,2.1480450981637658,1.0,0.9163477374240756,0.6509141387534039,0.0,0.0,64,0.031137154042356806,0.4570695161819458,1.5,1.0,64,1.0,44,0.6875,0.8980679490166827,34.2328125,26.855691870436775,-0.6243463245823158,0.4594310725453526,2.265625,1.5025206685350454,-0.6806197985637769,0.46969820250678246,2.7414112500000014,1.738921537155376,0.20233842877865435,0.8310932504136938,249.67835937500004,94.49444568273037,-0.6297949926508181,0.6273816899395646,1.0,1.0009278059005737,0.0044820718467235565,0.9999999403953552,0.05648508667945862
112,2.1559219370250293,1.0,0.9280248014256358,0.6643916604214863,0.0,0.0,64,0.016230704754581285,0.3326062560081482,1.5,1.0,64,1.0,52,0.8125,0.887978479696959,30.5803125,20.83465457242677,-0.6868311043663418,0.3564267769566976,2.265625,1.2404911766614868,-0.6806197985637769,0.387785997294475,3.226167187500002,1.4406701481802555,0.43402075552311575,0.6885481665744201,267.954859375,88.02231716727219,-0.5084509139239135,0.5844109640286734,1.0,0.9990160465240479,0.0004819277091883123,0.9999998807907104,0.05796895548701286
113,2.1595847590376387,1.0,0.9203158784657717,0.6967550453622544,0.0,0.0,64,0.042545769881916294,0.4082309305667877,1.5,1.0,64,1.0,60,0.9375,0.8877357121098389,40.5765625,25.41868783609008,-0.5158212536021883,0.4348476692229952,2.640625,1.229420436374392,-0.5633922424784576,0.38432520842004453,3.0778826562500017,1.3869107789630468,0.3631502358191424,0.6628546272465857,287.129171875,80.41096464832138,-0.38114594385118244,0.5338765313266904,1.0,0.9984759092330933,0.0018390804762020707,0.9999999403953552,0.05828878656029701
114,2.149591012081142,1.0,0.9224374941550195,0.6583967255187795,0.0,0.0,64,0.02448455325160409,0.44301658868789673,1.5,1.0,64,1.0,50,0.78125,0.8893149853596128,33.489843750000006,26.47463482350769,-0.6370565884372542,0.4529121770867584,2.390625,1.3534352992939855,-0.6415439465353372,0.42309309988223076,2.813839218750001,1.5517016188962787,0.2369543643934193,0.7416141065400296,256.595171875,88.97634651544246,-0.583871854164826,0.5907450987006374,1.0,0.9993214011192322,0.001990049844607711,0.9999998807907104,0.04926657676696777
115,2.1095628270879176,0.984375,0.9285093943277994,0.630372079246818,0.0,0.0,63,0.03370001091409721,0.3289339244365692,1.5,1.0,63,0.984375,45,0.7142857142857143,0.8985677070480625,38.4504761904762,22.098126289066418,-0.5521930632811555,0.3780414934461086,2.5238095238095237,1.1106575037800572,-0.5999095565764638,0.34719910617588623,2.4528512698412706,1.7328007610448921,0.06442521836334036,0.8281679109984157,243.32753968253965,92.08400756949034,-0.6719603068380141,0.6113779478565984,0.984375,1.0005652904510498,0.002938295714557171,1.0230478048324585,0.05736677348613739
116,2.110007791896922,1.0,0.9056114330887794,0.6464922554365737,0.0,0.0,64,0.030238326114796446,0.32090428471565247,1.5,1.0,64,1.0,53,0.828125,0.887611335065554,42.927499999999995,30.39871784919555,-0.47560282458822306,0.5200430364199112,2.6875,1.5599979967935855,-0.5487387979677927,0.48766600709894864,2.8062195312500013,1.6157075127628213,0.23331264122408607,0.772204829147444,280.26184375,82.98958245753255,-0.42674053825620983,0.550996877259857,1.0,0.9993232488632202,0.014058956876397133,0.9999998807907104,0.04727252572774887
117,2.1265517592754386,1.0,0.9180705891922116,0.6368903208413044,0.0,0.0,64,0.04608062659561887,0.4149017333984375,1.5,1.0,64,1.0,51,0.796875,0.8953825094663821,40.514531250000005,29.246342021785793,-0.5168824470302452,0.500328881784967,2.875,1.5258194519667128,-0.4901250199251331,0.4769815610173304,2.983925312500002,1.6856936672488965,0.31824463625703475,0.8056537337546851,285.07365625000006,78.5258372975933,-0.3947932313419151,0.521360511210312,1.0,0.998947262763977,0.001800990547053516,1.0,0.054861050099134445
118,2.0576431538340882,0.984375,0.8973477440220969,0.597728894136115,0.0,0.0,63,0.044919061301702076,0.47232866287231445,1.5,1.0,63,0.984375,46,0.7301587301587301,0.8929323969538532,45.275555555555556,32.010533721508025,-0.43543369815165955,0.547617015840539,3.111111111111111,1.8696499214890905,-0.41631507720474686,0.5844653094167336,3.352570000000002,1.901669816352302,0.4944332135077976,0.9088765163442962,313.2284603174604,96.2088460569688,-0.2078636353414508,0.6387641939190476,0.984375,0.9989982843399048,0.006284038536250591,1.0230478048324585,0.05710253119468689
119,2.160741124057472,1.0,0.9194619911722839,0.6725197512819443,0.0,0.0,64,0.05079032427997707,0.3531539738178253,1.5,1.0,64,1.0,54,0.84375,0.8855956104836203,35.305625,27.218008220374525,-0.6059932916426716,0.46562936339764893,2.734375,1.8391760001084725,-0.5340853534571278,0.5749389538759709,3.114638281250002,1.6598163574385236,0.38071707319480014,0.7932860351192156,284.55946875000006,98.48284216853607,-0.39820710207648624,0.6538620498097648,1.0,0.9992004036903381,0.0,1.0,0.049143921583890915
120,2.1028042517294585,1.0,0.910831883084029,0.6243482015879946,0.0,0.0,64,0.04558002353560803,0.39173421263694763,1.5,1.0,64,1.0,53,0.828125,0.888892510843563,44.355937499999996,28.566739932500063,-0.4511659723985599,0.4887026567638082,3.140625,1.4346949534221551,-0.4070888343646986,0.44849542164698714,2.8430303125000016,1.089821176369043,0.25090583975872277,0.5208648029743125,296.61707812500003,82.08058496176659,-0.31815241429390967,0.5449617248133392,1.0,0.9993056654930115,0.005615550559014082,0.9999999403953552,0.0570269376039505
121,2.1545212641092704,1.0,0.9259822107851505,0.6298629004380134,0.0,0.0,64,0.04362677402459533,0.3835810124874115,1.5,1.0,64,1.0,53,0.828125,0.8979192129271807,36.22453125,28.366205351267435,-0.5902731945383827,0.48527203139833175,2.59375,1.5882257199466328,-0.5780456869891225,0.4964901857631745,2.705396562500001,1.5941236049729448,0.1851257121278661,0.7618891020151766,264.697828125,93.22291461960194,-0.5300754840777171,0.6189395502832867,1.0,0.9997522234916687,0.014471779577434063,0.9999999403953552,0.048353251069784164
122,2.1287298484837485,1.0,0.9101508259773254,0.6558747310721902,0.0,0.0,64,0.0450193177859618,0.4762493968009949,1.5,1.0,64,1.0,52,0.8125,0.8992728455993418,31.914531250000003,24.659863260575342,-0.6640060900535509,0.42186615341307176,2.40625,1.2713028504254995,-0.6366594650317822,0.3974179365324839,2.7116428125000014,1.6662522194494505,0.18811102003536884,0.7963619654378573,252.65051562500003,89.06382714081242,-0.6100618073041346,0.5913259131832774,1.0,0.9990445971488953,0.0005246589425951242,0.9999998807907104,0.05435115844011307
123,2.155392535745941,1.0,0.9337545474991202,0.6583201635966667,0.0,0.0,64,0.04193514194428613,0.43044227361679077,1.5,1.0,64,1.0,54,0.84375,0.887122753467795,37.65703125,26.711624089504994,-0.5657668435347913,0.4569664473391936,2.765625,1.3663613575387004,-0.5243163904500179,0.42713387379648254,2.9337314062500015,1.6269066101297782,0.2942551601335093,0.7775572812469386,280.34684375,81.70107117550904,-0.4261761935134098,0.5424419999886965,1.0,0.9984375834465027,0.0032956686336547136,0.9999999403953552,0.059738077223300934
124,2.143464746371621,1.0,0.9234709115698934,0.6595778458723425,0.0,0.0,64,0.04187842975796568,0.43647298216819763,1.5,1.0,64,1.0,54,0.84375,0.9030209037699252,37.637187499999996,27.979177384080536,-0.5661063185105174,0.47865098901642,2.328125,1.2126248324914841,-0.661081872549557,0.3790747881635902,2.605063750000001,1.5108327980377465,0.1371730463622905,0.7220814246782271,253.56965625000004,89.05750331864573,-0.6039593110733957,0.5912839271151107,1.0,0.9997702240943909,0.005022601690143347,0.9999999403953552,0.06295359134674072
125,2.2075376187681153,1.0,0.9411501521244645,0.6683100467012077,0.0,0.0,64,0.045627245935970936,0.45104455947875977,1.5,1.0,64,1.0,43,0.671875,0.8973690591184134,30.947968749999998,19.35606051567631,-0.6805414617058433,0.3311318764704492,2.15625,1.148623496843069,-0.7148111690886617,0.35906753439223044,2.351348281250001,1.5846024139428831,0.015913283286027657,0.7573385818037079,226.72998437500002,78.909619194504,-0.7821572842632457,0.5239085735150583,1.0,1.000305414199829,0.0005698005552403629,0.9999999403953552,0.05812861770391464
126,2.131973877065777,1.0,0.9337740363553166,0.6285998440872329,0.0,0.0,64,0.039813379656449085,0.40158623456954956,1.5,1.0,64,1.0,47,0.734375,0.9079371772484882,32.87515625,31.015817939812354,-0.6475722935908459,0.530600014727069,2.453125,1.3101727879844705,-0.6220060205211173,0.4095689439597563,2.6539279687500015,1.4310922938366657,0.16052701692515833,0.6839705649240175,254.23426562500003,90.06658716736372,-0.5995467368757847,0.5979835878806229,1.0,0.9994528293609619,0.0020491802133619785,0.9999999403953552,0.0547468364238739
127,2.1279594291857693,0.984375,0.9254898684365409,0.6796802624452838,0.0,0.0,63,0.026723511300381413,0.3633940517902374,1.5,1.0,63,0.984375,48,0.7619047619047619,0.8987664329429352,31.3047619047619,20.893326788914923,-0.6744376583646399,0.35743050605367305,2.4603174603174605,1.2826732603705984,-0.6197576084004331,0.400972404184623,2.8328595238095255,1.4385976098992084,0.2460448534224064,0.6875576258629513,255.80179365079368,68.62248472255365,-0.5891393698105077,0.4556086881300776,0.984375,0.9986247420310974,0.0010085728717967868,1.0230478048324585,0.0600285567343235
128,2.1929473573499205,1.0,0.9312884612008929,0.695600290679258,0.0,0.0,64,0.02469709716513662,0.3399260938167572,1.5,1.0,64,1.0,52,0.8125,0.8856248082596626,31.011250000000004,26.275413620673987,-0.6794588840273469,0.4495040202113655,2.3125,1.4456291882775472,-0.665966354053112,0.4519135379930152,3.053171250000002,1.5320102258067885,0.35133976449896887,0.7322028803643565,260.532328125,75.04837352794006,-0.557731696149882,0.4982724124258204,1.0,0.9999203085899353,0.0009741841349750757,1.0,0.05638475716114044
129,2.127163094616221,0.984375,0.9386930725877247,0.6440961530946081,0.0,0.0,63,0.030146264267748073,0.34830257296562195,1.5,1.0,63,0.984375,48,0.7619047619047619,0.8969904317031935,34.050000000000004,25.60688889205713,-0.6274737712090829,0.43806730003400746,2.5555555555555554,1.4559977518055398,-0.5899855306644792,0.4551548216263538,3.031637301587303,1.4909401507051807,0.34104791475293195,0.7125740118492386,268.35433333333333,91.08927271603675,-0.5057986665324904,0.6047735550915795,0.984375,1.0007020235061646,0.01550387591123581,1.0230478048324585,0.06502015888690948
130,2.142073904041431,1.0,0.9291377691552043,0.6580574136171475,0.0,0.0,64,0.028349020706783974,0.31578218936920166,1.5,1.0,64,1.0,52,0.8125,0.8967355647342832,31.359375,23.916859239025825,-0.6735033702799645,0.40915528615361463,2.21875,1.316585902058806,-0.6952732430744418,0.4115737271326382,3.1116815625000016,1.4170565967770792,0.379303950783011,0.6772623996377586,262.79970312500006,79.12143403530104,-0.5426778001356876,0.5253148863603624,1.0,0.9994550943374634,0.0,0.9999998807907104,0.07930582761764526
131,2.164662378951604,1.0,0.9409995106980205,0.6415122868414089,0.0,0.0,64,0.01747053634548141,0.32598093152046204,1.5,0.984375,64,0.984375,49,0.765625,0.899583754370962,27.2753125,20.158849403607928,-0.7433710625282053,0.34486550737406874,2.171875,1.281535791296911,-0.7099266875851067,0.4006168235989403,2.8791698437500015,1.4138854580900169,0.2681782237353587,0.67574679821318,238.064734375,83.26315132481369,-0.7069019128108461,0.5528131966956676,1.0,0.9992473125457764,0.009022556245326996,1.0,0.07518134266138077
132,2.1564635784104285,0.984375,0.9481041157056415,0.651985699437207,0.0,0.0,63,0.03027905595637745,0.31414759159088135,1.5,1.0,63,0.984375,47,0.746031746031746,0.9027223432596584,29.360476190476188,24.2592742814399,-0.7076993324767195,0.4150131173705842,2.111111111111111,1.310653673228128,-0.7289218934322649,0.40971927196474683,2.8143331746031763,1.6110623775996107,0.23719044369130868,0.7699847517035134,234.48163492063497,78.68706318719394,-0.7306913638696811,0.5224309463067756,0.984375,0.9981600046157837,0.0048491377383470535,1.0230478048324585,0.06612780690193176
133,2.181200571290621,1.0,0.9312071604654193,0.6623072899318013,0.0,0.0,64,0.029373958443133705,0.42143911123275757,1.5,0.984375,64,0.984375,48,0.75,0.9014295390137405,34.681250000000006,22.040198749954595,-0.6166747247371688,0.37705050384314276,2.515625,1.322783375831054,-0.6024680945068974,0.4135110996772342,2.9747406250000017,1.4932038142372723,0.31385494320573337,0.7136558982038159,257.19943750000004,97.67471425618481,-0.5798599232386658,0.6484966058233473,1.0,0.9976912140846252,0.002992518711835146,0.9999999403953552,0.06780987232923508
134,2.087613192521856,0.984375,0.9134947421058776,0.6379976878570092,0.0,0.0,63,0.01795464891850524,0.35586151480674744,1.5,1.0,63,0.984375,45,0.7142857142857143,0.891906896518907,37.62873015873017,27.271240243510185,-0.56625100163353,0.46654002492895347,2.634920634920635,1.6065499592228563,-0.5651754658845174,0.502218467863106,3.0514296825396845,1.711018466210751,0.3505074066665519,0.8177573675504406,277.48511111111117,95.10661097648317,-0.4451762378670158,0.6314460695307892,0.984375,0.9982835650444031,0.008780037052929401,1.0230478048324585,0.059304893016815186
135,2.1049521126019517,0.984375,0.9313425771773808,0.6184373439165264,0.0,0.0,63,0.02183375909867454,0.2982105016708374,1.5,0.984375,63,0.96875,41,0.6507936507936508,0.8912606506509533,36.79285714285714,25.05163584485854,-0.5805506159591252,0.42856836385916475,2.5238095238095237,1.4891900734392278,-0.5999095565764638,0.46553096761546076,2.892446031746033,1.7228318438101158,0.27452339227745104,0.8234034063035641,264.1281111111111,100.04128965932989,-0.5338580346856231,0.6642091280257598,0.984375,0.9973927140235901,0.008095238357782364,1.0230478048324585,0.060598812997341156
136,2.1196197434466217,0.984375,0.9161465584285675,0.6771097396453436,0.0,0.0,63,0.04958375213729741,0.46506214141845703,1.5,1.0,63,0.984375,50,0.7936507936507936,0.8989757897541383,35.893809523809516,28.08554276619299,-0.595930983513278,0.48047062419176306,2.8253968253968256,1.890155637664025,-0.5056313104126091,0.5908755360646449,2.966877936507937,1.2844957007449476,0.3100970811077402,0.6139067716769255,273.7448253968255,95.50586199104255,-0.4700093035073407,0.6340968367204858,0.984375,0.998203456401825,0.005760921631008387,1.0230478048324585,0.053118910640478134
137,2.148030604342996,1.0,0.9149589100852609,0.6745956588242752,0.0,0.0,64,0.03597409022175772,0.37729617953300476,1.5,1.0,64,1.0,52,0.8125,0.8937156768522836,41.204062500000006,25.95341588300264,-0.5050863598815925,0.4439954760007293,2.890625,1.2761904675145477,-0.48524053842157816,0.3989458389496305,2.6639103125000014,1.3574666980088428,0.16529793863534992,0.6487822401820699,268.86767187500004,73.65329774653146,-0.5023904323293573,0.48901001615469397,1.0,0.9982517957687378,0.0009975061984732747,0.9999998807907104,0.06175399199128151
138,2.078551366753519,0.984375,0.8947200004070525,0.6681041727629994,0.0,0.0,63,0.05763167413553827,0.3758779764175415,1.5,1.0,63,0.984375,55,0.873015873015873,0.8920481086043295,38.55968253968254,29.92064992547306,-0.5503248265443518,0.5118645370535577,2.5714285714285716,1.5503638662952102,-0.5850235177084867,0.48465431223673106,2.875027460317462,1.4673495100111844,0.26619842945606037,0.7012991947658942,267.8639523809524,83.56041761379242,-0.5090544772671433,0.5547868516062189,0.984375,0.9988986253738403,0.0014492754125967622,1.0230478048324585,0.0639457181096077
139,2.1458486604762355,1.0,0.907097952440381,0.6835319871017065,0.0,0.0,64,0.047180799024114775,0.4037986397743225,1.5,1.0,64,1.0,50,0.78125,0.8938972715256909,40.92640625,33.1280041735457,-0.5098363365104518,0.5667340302445718,2.71875,1.8410997902069295,-0.5389698349606828,0.5755403437737395,2.7368400000000017,1.6724589778255787,0.20015366371606955,0.7993283988755541,268.025625,104.54959112358777,-0.507981076177564,0.6941413189706086,1.0,0.9990584254264832,0.00240615988150239,1.0,0.05716490000486374
140,2.1450044679396605,0.984375,0.9283666147126092,0.6988921898797469,0.0,0.0,63,0.02511553600732784,0.37638217210769653,1.5,1.0,63,0.984375,53,0.8412698412698413,0.8805470779007856,36.440317460317466,27.52071629329521,-0.5865816534481386,0.4708079115907484,2.7142857142857144,1.5058465048420855,-0.5403654011045556,0.47073788160602015,2.7498600000000013,1.475857940502019,0.20637639078522027,0.705365680229128,253.27015873015876,77.23403236673329,-0.6059477799063853,0.5127837662520278,0.984375,0.9987766146659851,0.003990024793893099,1.0230478048324585,0.07050636410713196
141,2.1419080586362043,1.0,0.9095889241434634,0.6600241827232665,0.0,0.0,64,0.022969508745266473,0.288439005613327,1.5,1.0,64,1.0,46,0.71875,0.8868448437221648,27.25,20.22963821970131,-0.7438040935996038,0.3460765199913903,2.078125,1.1898619602184952,-0.7392335766064365,0.37195895913413746,3.149517343750002,1.7840133070632875,0.39738703374513473,0.8526442317656052,247.58721875,79.35131596744097,-0.6436788069822837,0.5268411529470437,1.0,0.9986810684204102,0.0027716185431927443,0.9999999403953552,0.06276735663414001
142,2.165146331647953,1.0,0.9339665817096829,0.6792053140242537,0.0,0.0,64,0.017748965307679464,0.31369543075561523,1.5,1.0,64,1.0,46,0.71875,0.8919471172767794,37.43625,27.68935290075411,-0.5695438367686564,0.4736928455484745,2.625,1.3975424859373686,-0.5682767239820126,0.4368813070715717,2.8587875000000014,1.5231352801694535,0.2584367673462754,0.7279612241082363,265.1868125,90.42361668365379,-0.52682894570898,0.6003540317693615,1.0,0.9996470808982849,0.01015965174883604,0.9999998807907104,0.07888111472129822
143,2.1551180205765403,1.0,0.9304853864014149,0.645235512292613,0.0,0.0,64,0.041309086817353916,0.4405493140220642,1.5,1.0,64,1.0,49,0.765625,0.8953933156666457,35.13359375,24.839485097269243,-0.6089362991093986,0.42493901608527457,2.46875,1.4786897705401225,-0.6171215390175623,0.46224850135674683,2.9646135937500016,1.4380836577134175,0.3090148701266617,0.6873119895973008,260.02560937500004,73.87656162808364,-0.561095979239773,0.49049234318776597,1.0,0.9978007674217224,0.0034431873355060816,0.9999999403953552,0.060187797993421555
144,2.1722876269164377,1.0,0.9237494640983641,0.6499815325878999,0.0,0.0,64,0.04788082083514305,0.43485766649246216,1.5,1.0,64,1.0,47,0.734375,0.9018196176890173,34.284375,26.170133494297943,-0.6234642242516891,0.44770295094038903,2.28125,1.3517205471176355,-0.6757353170602219,0.42255705666376275,2.7773268750000013,1.36925720059828,0.21950379989178592,0.6544173461438352,251.532453125,82.75039926394045,-0.6174850154688053,0.5494088563437411,1.0,1.0005532503128052,0.002919707912951708,1.0,0.06190305948257446
145,2.125022913680704,1.0,0.909812780097127,0.6520355289544639,0.0,0.0,64,0.03780892272058746,0.3965004086494446,1.5,1.0,64,1.0,51,0.796875,0.9015312459997544,39.182187500000005,28.77395222184196,-0.5396753849673769,0.49224752035534064,2.671875,1.66822030450867,-0.5536232794713477,0.521497038158556,2.695794375000002,1.6462977653690076,0.18053648078536935,0.786825012937358,264.36614062500007,80.00755528715467,-0.5322776734527463,0.5311981554187987,1.0,0.9993001818656921,0.003139013424515724,0.9999999403953552,0.05978020653128624
146,2.1186268907826133,0.984375,0.9262318478690253,0.6542694866505693,0.0,0.0,63,0.03243071986593956,0.37284284830093384,1.5,0.984375,63,0.96875,46,0.7301587301587301,0.9048360332275409,35.29952380952381,23.389949641196047,-0.6060976671507687,0.4001412327144679,2.3968253968253967,1.3863241625967015,-0.6396056602244027,0.4333743827286349,2.9459980952380964,1.463792726764862,0.30011785273067315,0.6995992799128994,261.2748253968254,92.02357715911721,-0.5528019969510806,0.6109767292166063,0.984375,0.9985597729682922,0.0018948365468531847,1.0230478048324585,0.06408040970563889
147,2.1436130939134936,0.984375,0.9348900460061573,0.6507919417503842,0.0,0.0,63,0.028828916489291593,0.3283383250236511,1.5,1.0,63,0.984375,49,0.7777777777777778,0.8976077034098249,27.99047619047619,20.15902873294699,-0.7311364709583391,0.34486857523286685,2.1587301587301586,0.9792505914404558,-0.7140358545642879,0.30612040967911486,3.30066777777778,1.6486791323046017,0.4696272716359616,0.787963153988948,267.0944920634921,74.6000424830453,-0.5141631935606968,0.4952957857408739,0.984375,1.0009185075759888,0.0,1.0230478048324585,0.06172288581728935
148,2.1480292382037103,1.0,0.9090844863094389,0.6735765640046106,0.0,0.0,64,0.041363136241064316,0.3998727798461914,1.5,1.0,64,1.0,50,0.78125,0.8948071402626026,37.7003125,24.111945948063667,-0.5650264138633259,0.41249271258839076,2.515625,1.3918533900432903,-0.6024680945068974,0.4351028569169108,2.6804117187500016,1.57649850095726,0.17318455517536008,0.7534654298296926,260.696140625,83.94171439008058,-0.5566440876418826,0.5573184143255702,1.0,0.9976849555969238,0.0009896090487018228,0.9999999403953552,0.05992252379655838
149,2.1356648971056496,1.0,0.901829652953893,0.67287116058657,0.0,0.0,64,0.05080716154196309,0.46318283677101135,1.5,1.0,64,1.0,55,0.859375,0.9023381727431223,40.0171875,30.47132978661817,-0.5253907056738352,0.5212852379037015,2.640625,1.6428556264550456,-0.5633922424784576,0.5135678669075764,2.5520045312500015,1.4646699135790064,0.11181413416692774,0.7000185190936273,259.02575,79.34317812692694,-0.5677343954964872,0.5267871229763162,1.0,0.9998795390129089,0.0018939394503831863,0.9999999403953552,0.07798679172992706
