cell,seed,scaffold,tanimoto,valid,mean_C,tox,D_real,tpsa_sprd,logp_drift,n_uniq
mle_withC,1,0.793919210829493,0.887700600860373,0.996875,0.9291912913322449,0.3525290839264932,0.7424248638190477,0.4154996851471293,0.30097476523385874,1263
mle_withC,2,0.8292618727598565,0.884919142754468,0.996875,0.9264760613441467,0.34910321263065913,0.7945591216911326,0.38127797726026297,0.44643460580706773,1264
mle_withC,3,0.8497519841269842,0.8872981216979463,0.9984375,0.9189066886901855,0.3660642166000128,0.7679747924453879,0.416338770517087,0.38075323577620396,1276
mle_withC,4,0.7725942460317461,0.8886487520502696,0.99609375,0.9227591156959534,0.3567268248256399,0.7475067366689337,0.42574243582338,0.35375205063965903,1267
mle_noC,1,0.7064044098822325,0.8763980093214645,0.99765625,0.8810216188430786,0.3365496307768574,0.7966167129000644,0.41825037066559895,0.23526587589075448,1233
mle_noC,2,0.7495907738095238,0.8741138030743312,0.9984375,0.871338963508606,0.33351219633483214,0.8207667920341406,0.391573263423785,0.2234765961745527,1276
mle_noC,3,0.7566840277777778,0.8824911983025829,0.9984375,0.8687764406204224,0.34959664547888414,0.8162548259740978,0.4235268356111751,0.16870699669116437,1259
mle_noC,4,0.7023933531746032,0.8794865646562601,0.99765625,0.8582949638366699,0.35140338103277996,0.7881790224117593,0.4479174569744389,0.1836192981920213,1252
vae_withC,1,0.8028635668748374,0.8895449161302829,0.99453125,0.9278741478919983,0.35832069193226135,0.7657455186429653,0.3795675659834603,0.3508336249386961,1276
vae_withC,2,0.8217137896825397,0.8886429629061178,0.99921875,0.9241291284561157,0.35045271393485694,0.783091712713757,0.3864268266801188,0.361912543192411,1272
vae_withC,3,0.7065972222222222,0.8844435394516375,0.9984375,0.9245752692222595,0.34379730711962225,0.7126000063056185,0.4203542552009164,0.21378497884055148,1264
vae_withC,4,0.706547619047619,0.8828708661117604,0.99609375,0.9261975288391113,0.32814802330949133,0.7491346855467702,0.4062710597589095,0.29243598039291907,1251
vae_noC,1,0.777641369047619,0.8846525925114296,0.99765625,0.8840107917785645,0.3397520709975782,0.806992037649233,0.4344706973705964,0.14871693736554226,1255
vae_noC,2,0.7371279761904762,0.8834019245062077,0.9984375,0.8708624243736267,0.34718163146957615,0.8027837144443031,0.4290962532080026,0.21634867160587987,1268
vae_noC,3,0.7032118055555555,0.8833938058995298,0.99765625,0.8590003252029419,0.3256672092693443,0.8024797260486081,0.400909431315683,0.11712450429754777,1259
vae_noC,4,0.692850342421915,0.882336254343252,0.996875,0.8617367744445801,0.33143226420366506,0.7890765449635221,0.42503368228897936,0.2035162858085226,1261
