step,reward_mean,valid_frac,c_mean,qed_mean,d_var,d_loss,w_C,unique,n_valid,unique_smiles_frac,n_scaffolds,scaffold_frac,tanimoto_dist,tpsa_mean,tpsa_sd,tpsa_drift_sd,tpsa_spread_ratio,hba_mean,hba_sd,hba_drift_sd,hba_spread_ratio,logp_mean,logp_sd,logp_drift_sd,logp_spread_ratio,mw_mean,mw_sd,mw_drift_sd,mw_spread_ratio,rdkit_valid_frac,ratio_mean,clip_frac,adv_std,kl
0,1.1945482545109793,0.953125,0.8302119386489274,0.5651021751417558,0.010917487972520085,0.7330235242843628,0.2,1.0,61,0.953125,52,0.8524590163934426,0.9177970980581669,60.99459016393443,39.97796026311557,-0.16652187996629664,0.6839189714593621,4.049180327868853,2.5442073680060524,-0.12306824595306781,0.7953365651349653,2.2843888524590175,1.7506871521852656,-0.016089040068237782,0.8367164617141318,300.7862950819673,117.04088517915226,-0.29047152404381904,0.7770753911003563,0.953125,0.9900641441345215,0.039207760244607925,1.0648608207702637,0.0038927781861275434
1,1.230594239123683,1.0,0.8589348956011236,0.4733273570127798,4.7192208624583475e-07,0.7004433870315552,0.21300000000000002,1.0,64,1.0,46,0.71875,0.919054823157859,57.547656249999996,35.26828708903136,-0.2254899584172985,0.6033487069453617,3.578125,2.1050882367195443,-0.2703233522651595,0.6580649315588964,2.160996562500001,1.6516876680754635,-0.07506266087104044,0.789401041621809,286.40210937500007,108.36062903061206,-0.38597316619897176,0.7194441331757996,1.0,0.9972343444824219,0.013686912134289742,0.9999999403953552,0.0068697622045874596
2,1.2512175733516178,0.96875,0.8598556283020204,0.5830014694193476,0.007498571250993695,0.6904581785202026,0.226,1.0,62,0.96875,55,0.8870967741935484,0.9107431164427864,57.00064516129033,41.39450040886948,-0.23484789610859044,0.7081522908468133,3.629032258064516,2.0653350190453126,-0.2544093963987385,0.6456378047469554,2.471274838709679,1.7466496327400023,0.0732305056680877,0.8347867857122683,291.15069354838715,96.08820052675883,-0.354445654269619,0.6379631860282672,0.96875,0.9979587197303772,0.01316907349973917,1.0446385145187378,0.017781779170036316
3,1.2695384602573307,0.96875,0.851939131896342,0.5638669657289171,0.0075181009121884496,0.6539706587791443,0.23900000000000002,1.0,62,0.96875,50,0.8064516129032258,0.9242516413383285,54.527419354838706,33.802604782981795,-0.2771583601393365,0.5782746929475928,3.5161290322580645,1.8985727702660855,-0.2897037143599099,0.59350678908914,1.8721501612903237,1.9596459731629716,-0.21311276222544043,0.9365854103804785,264.7701129032259,105.91719287027732,-0.5295955601415259,0.7032213055116503,0.96875,0.9957849383354187,0.006539000663906336,1.0446386337280273,0.02355792000889778
4,1.3608038163859455,1.0,0.869286893401295,0.6190932088653056,2.363766821028568e-06,0.6628147959709167,0.252,1.0,64,1.0,51,0.796875,0.9084871614405371,40.30265625,23.36147518098624,-0.5205070774797294,0.39965410872386453,2.875,1.5461646096066226,-0.4901250199251331,0.4833415959727896,2.576088750000001,1.6104573055322493,0.12332484998528222,0.7696955659637011,259.834921875,81.97959753734173,-0.5623620202767461,0.544291233965538,1.0,0.9980370402336121,0.00047438329784199595,0.9999999403953552,0.026583872735500336
5,1.3361044689966428,0.984375,0.8727079803744952,0.6023414326346672,0.003851475698837394,0.6596810221672058,0.265,1.0,63,0.984375,49,0.7777777777777778,0.9110528049100077,41.96984126984126,26.58843766442703,-0.4919858758852028,0.454859047847509,3.0,1.736626907505759,-0.45104916789669336,0.5428814085304157,2.746460952380954,2.0096097227474305,0.2047518634712127,0.9604648863417297,276.97584126984134,94.7839751574151,-0.44855745854451334,0.6293039774327882,0.984375,0.998456597328186,0.0009519276791252196,1.023047685623169,0.029042191803455353
6,1.3757057118585876,1.0,0.8619329109787941,0.6124105889150844,8.835876451854241e-06,0.6224768161773682,0.278,1.0,64,1.0,50,0.78125,0.9159538765154333,40.55953125,24.69213244067376,-0.5161126140144257,0.4224181951960316,2.5,1.2747548783981961,-0.6073525760104523,0.398497064006557,2.181354531250001,1.8487211240805521,-0.06533285417261084,0.8835704287348062,229.126390625,92.8452574986361,-0.7662467046302939,0.6164321525091913,1.0,0.9986810684204102,0.001064395997673273,0.9999998807907104,0.034491319209337234
7,1.3758308986647885,1.0,0.8629785836674273,0.6009423613565164,1.715282383765379e-05,0.6212979555130005,0.29100000000000004,1.0,64,1.0,56,0.875,0.8990286263663754,53.253437500000004,29.94007824068925,-0.2989528777706688,0.512196905020117,3.375,1.79843682124227,-0.3338216118113741,0.562203608874884,2.321796406250001,1.5945896139390852,0.0017893775635497416,0.7621118244889146,281.71339062500005,87.76280646090515,-0.41710321063463046,0.582687981642337,1.0,0.9982314109802246,0.0004462293582037091,0.9999999403953552,0.035445716232061386
8,1.377286430717619,0.984375,0.892379114079097,0.5912239414804963,0.0037841799789477466,0.5849157571792603,0.30400000000000005,1.0,63,0.984375,47,0.746031746031746,0.9046160530226741,40.13984126984126,28.50529588735395,-0.5232924185285341,0.48765150888427505,2.6825396825396823,1.4888516596015573,-0.5502894270165404,0.4654251771430992,2.533853333333335,1.4939030595289124,0.10313902275267603,0.7139900927202725,248.30014285714287,88.86335045233507,-0.6389454543719124,0.5899948782986166,0.984375,0.9982383847236633,0.0014910537283867598,1.0230478048324585,0.03980140760540962
9,1.4289940277645,1.0,0.9112513856962323,0.6135249076010203,5.203296686531744e-05,0.5738415718078613,0.317,1.0,64,1.0,48,0.75,0.8977973678544506,32.76359375,27.895305965295687,-0.6494808379425655,0.4772161670772153,2.140625,1.4670036160061093,-0.7196956505922166,0.4585953297939262,3.102708281250002,1.726156307430758,0.3750152963948792,0.8249922872377099,254.65200000000002,90.54333660860284,-0.5967732521885124,0.6011488942429313,1.0,0.9989174008369446,0.014000000432133675,0.9999999403953552,0.048306938260793686
10,1.4159458785085555,1.0,0.8945891885086894,0.6166252523182049,0.0001517588045891879,0.5841335654258728,0.33,1.0,64,1.0,50,0.78125,0.9026186592744523,36.4296875,25.33806905927016,-0.5867635044350106,0.43346849153208483,2.15625,1.1621471238616907,-0.7148111690886617,0.36329511237837014,2.7558760937500013,1.628082426969895,0.2092516987290509,0.7781192464757679,244.23765625000001,82.73513714242331,-0.6659177244829368,0.549307525778539,1.0,0.9995810389518738,0.0049431538209319115,0.9999998211860657,0.0524861216545105
11,1.4006594188060064,0.984375,0.8927187711473495,0.6549175120130365,0.003627217818774782,0.5671050548553467,0.343,1.0,63,0.984375,53,0.8412698412698413,0.9120249351574861,36.30428571428571,24.291670184711705,-0.5889088029880238,0.41556732705760496,2.5555555555555554,1.2055134949871444,-0.5899855306644792,0.3768517355872392,2.7469882539682557,1.6666195554461039,0.20500387989678173,0.7965375285446045,256.7510317460318,86.67451377386267,-0.582837045943293,0.5754624256828044,0.984375,1.0005457401275635,0.015466408804059029,1.0230478048324585,0.04773634672164917
12,1.3739358740965846,0.984375,0.8892141098067874,0.6034544783860588,0.003554148399929464,0.5403502583503723,0.356,1.0,63,0.984375,52,0.8253968253968254,0.9081898346541196,41.96000000000001,26.41122116023042,-0.4921542344283447,0.45182733416131593,2.7301587301587302,1.6638676420798293,-0.5354033881485633,0.5201363662145629,2.578283174603176,1.690151759372679,0.1243736445612719,0.8077844165915076,256.75939682539683,84.38185369742695,-0.5827815072543193,0.5602406531985187,0.984375,0.9999560117721558,0.008117706514894962,1.0230478048324585,0.038820333778858185
13,1.3521144789201411,0.953125,0.902652512808315,0.6431769531245007,0.009338209091719837,0.5317441821098328,0.369,1.0,61,0.953125,46,0.7540983606557377,0.9003266180878234,41.410819672131154,21.44006096265204,-0.5015492821623911,0.3667837064496663,2.7704918032786887,1.3597666461198508,-0.5227949945718614,0.4250723220558967,2.836782131147543,1.7058466502851029,0.2479196087882997,0.81528557039551,271.7480819672132,98.65501310757392,-0.48326638182760473,0.6550051529192822,0.953125,0.9971851706504822,0.0037418147549033165,1.0648605823516846,0.04285779222846031
14,1.3320157383184505,0.953125,0.8800796841988798,0.6017047462716664,0.009142205000637114,0.5152590870857239,0.382,1.0,61,0.953125,40,0.6557377049180327,0.8975881419796877,42.28606557377049,30.72623769485854,-0.4865761001169961,0.525646049542745,2.6885245901639343,1.431965101765407,-0.5484185040987072,0.4476420514117977,2.20354786885246,1.7742324437040895,-0.054725858577094194,0.8479696047928749,248.297131147541,100.73030335854313,-0.6389654501658025,0.6687837310712689,0.953125,0.9979946613311768,0.006039255298674107,1.0648607015609741,0.03812902048230171
15,1.4287839498495656,1.0,0.87093022512272,0.6420343928015515,0.001175775773184392,0.5611611604690552,0.395,1.0,64,0.984375,51,0.796875,0.8950024092383769,41.09515625,23.852763859259284,-0.5069494627011282,0.4080587808312639,2.890625,1.3932559382163063,-0.48524053842157816,0.43554130303588307,2.7401607812500015,1.7078550273847766,0.2017407847126212,0.8162454461668773,270.40792187500006,92.77360287925133,-0.49216417362232284,0.6159564124180484,1.0,0.9990711808204651,0.0004633920325431973,0.9999999403953552,0.03584232181310654
16,1.3894453246993403,1.0,0.895939642097801,0.605538020473362,0.002760329372426998,0.5553510189056396,0.40800000000000003,1.0,64,1.0,49,0.765625,0.9078564694394231,48.20640625000001,33.29709063713316,-0.38529446195118827,0.5696266600711898,2.890625,1.6213149322000955,-0.48524053842157816,0.5068340990572061,2.6112376562500015,1.7613586796337297,0.14012377858535327,0.841816769142914,274.47845312500004,114.15983599294158,-0.46513849231242627,0.7579470974299252,1.0,0.9977734684944153,0.006607929710298777,0.9999998807907104,0.04182209447026253
17,1.4157836965288455,1.0,0.8864117986522615,0.6236633334826132,0.0031290744945988123,0.5783429741859436,0.42100000000000004,1.0,64,1.0,47,0.734375,0.8976480153097824,47.09640625,36.413484511544084,-0.4042836763414058,0.6229400577338468,2.953125,1.7803588779723598,-0.4657026124073583,0.5565523205853357,2.314542812500001,1.5960083060271706,-0.0016773762134664183,0.7627898685487701,258.73403125000004,81.71185554701674,-0.5696712183545897,0.5425136012047526,1.0,0.9980430603027344,0.008048289455473423,0.9999999403953552,0.046334318816661835
18,1.4035880152658484,1.0,0.8788892074953765,0.6671304764479276,0.0037086780019279365,0.5259124636650085,0.434,1.0,64,1.0,53,0.828125,0.8894206840115993,45.87890625,29.540438708932726,-0.42511193626941446,0.5053601115540534,2.921875,1.6134656749912593,-0.4754715754144682,0.5043803677514009,2.7570407812500015,1.481931407573941,0.20980834484528385,0.7082684089504834,276.58245312500003,79.0917821380898,-0.45116930009064393,0.5251180170391246,1.0,0.997421383857727,0.00693802023306489,0.9999998211860657,0.04452100396156311
19,1.3553904946533595,0.984375,0.8740082222317892,0.6261813087981956,0.007148306622934424,0.51621013879776,0.44700000000000006,1.0,63,0.984375,55,0.873015873015873,0.903426535474124,42.7963492063492,26.340702422904812,-0.4778464737216304,0.45062094188960117,2.7936507936507935,1.5751919022292418,-0.5155553363245939,0.4924157255032511,2.301680952380954,1.5203888906353367,-0.007824522536233482,0.72664862560621,249.77892063492064,92.67469752204877,-0.6291273312582821,0.6152997451430834,0.984375,0.9979618787765503,0.003938946407288313,1.0230478048324585,0.05344465747475624
20,1.4146078957747568,1.0,0.8969146837480366,0.635138001664748,0.0081587021091085,0.4747643768787384,0.46,1.0,64,1.0,45,0.703125,0.8999439238685701,42.92953125,28.993657680909692,-0.47556807518125893,0.4960061096030328,2.546875,1.5096531834746019,-0.5926991314997875,0.47192787529373237,2.264322812500001,1.6263702823210628,-0.02567932348019138,0.77730095086497,239.722625,67.01855802441499,-0.6958945968301826,0.4449596575426499,1.0,0.997162401676178,0.001036806614138186,0.9999999403953552,0.0541069321334362
21,1.4326858630245134,1.0,0.9235347295179963,0.6430189583027219,0.00957392318511837,0.47829753160476685,0.47300000000000003,1.0,64,1.0,48,0.75,0.9031813259541579,31.5659375,21.67093313337231,-0.6699696228948481,0.37073332910420864,2.09375,1.114096466873493,-0.7343490951028816,0.34827414947964913,2.625829843750001,1.509242779426671,0.14709791070166453,0.7213214975006853,230.218625,81.84160497103157,-0.7589949784251543,0.5433750530320952,1.0,0.9988627433776855,0.01450025849044323,0.9999998807907104,0.05039830505847931
22,1.4270632815047875,1.0,0.9253452336415648,0.6546458529038721,0.010292852605832513,0.45426076650619507,0.48600000000000004,1.0,64,1.0,50,0.78125,0.9099960166609069,35.86390625,24.923883978098416,-0.5964425507901594,0.42638286152884175,2.46875,1.2986621721987592,-0.6171215390175623,0.40597064700616686,2.544919375000001,1.2435573109014668,0.10842788273942837,0.5943408402908671,239.56590625,78.00054946816059,-0.6969351074497203,0.5178729415044621,1.0,0.9972912073135376,0.002710027154535055,0.9999999403953552,0.05145207419991493
23,1.4251747405369715,1.0,0.8613866688683629,0.6536440100995313,0.013092921890174525,0.5588639378547668,0.49900000000000005,1.0,64,1.0,54,0.84375,0.8969845354484733,43.681875,33.69268693254332,-0.4626974294480246,0.5763942842743603,2.984375,1.690896466190346,-0.45593364940024833,0.5285857608661251,2.6892529687500017,1.541958403021626,0.17741010707245158,0.7369574726564826,264.19273437500004,84.32883221303274,-0.5334289782239957,0.5598886250105972,1.0,0.9967027306556702,0.0049164206720888615,0.9999999403953552,0.05129340663552284
24,1.4414380393991566,1.0,0.8735901894979179,0.6684279326680839,0.012536237683945484,0.46634480357170105,0.512,1.0,64,1.0,46,0.71875,0.9020092198965095,32.664531249999996,19.96650796722535,-0.6511755397898906,0.34157504541768036,2.328125,1.2876175613803191,-0.661081872549557,0.40251802638174233,2.6518604687500016,1.5392206983003922,0.15953888418971526,0.7356490249394193,240.67709375,76.4220012187097,-0.6895575448157174,0.5073924073181798,1.0,1.0002034902572632,0.0014880952658131719,0.9999999403953552,0.05490964651107788
25,1.457923164514456,1.0,0.926808862015605,0.6237388467944875,0.018907514209258736,0.5078784227371216,0.525,0.984375,64,0.984375,46,0.71875,0.8983465152492925,30.00375,22.17985998744131,-0.6966945898815308,0.37943974454642054,2.265625,1.3490990917553092,-0.6806197985637769,0.4217375718490634,2.9685481250000016,1.536166139046405,0.31089532435967215,0.734189141025893,241.87095312499997,83.05903043702372,-0.6816310946754363,0.5514579666966092,1.0,0.9992147088050842,0.0015313936164602637,0.9999999403953552,0.051442019641399384
26,1.4185562680261934,0.984375,0.9055381809908246,0.6044466454061986,0.02424279028930976,0.4578229784965515,0.538,0.984375,63,0.96875,49,0.7777777777777778,0.9116767285121592,30.83,24.261937137227804,-0.6825596003410649,0.4150586719106263,2.365079365079365,1.4939198178860242,-0.6495296861363873,0.46700951796854356,3.1248503174603197,1.6887666640339296,0.38559777320686556,0.8071224296285436,251.53874603174614,96.36875011039767,-0.6174432346589332,0.639825852882636,0.984375,0.9982987642288208,0.0005040322430431843,1.0230478048324585,0.05096881091594696
27,1.432269771120666,1.0,0.9114824077114463,0.6056522272274405,0.01739766510621125,0.4543781280517578,0.551,1.0,64,1.0,49,0.765625,0.9068452003130387,42.00453125,27.457618303583313,-0.49139242050644005,0.4697284690193692,2.9375,1.7036266463048764,-0.47058709391091325,0.5325653019417314,2.6135806250000013,1.8174014589765901,0.14124356776068345,0.868601632433795,260.132859375,95.39501909197547,-0.5603839089613577,0.6333609119279536,1.0,0.9983570575714111,0.0,0.9999998807907104,0.054471246898174286
28,1.449583456486672,1.0,0.9137290026992559,0.6343998014615935,0.020687041466496654,0.4835589826107025,0.5640000000000001,1.0,64,1.0,48,0.75,0.909899019695653,40.39671875,22.531547123886064,-0.518897912634162,0.3854561971880701,2.796875,1.2270351398289292,-0.5145474274429079,0.38357954846120895,2.8076604687500017,1.730959312028513,0.23400131716772718,0.8272878161719422,266.4311875,82.74518386378963,-0.5185671046581334,0.5493742294771915,1.0,0.9995810985565186,0.00047778309090062976,0.9999999403953552,0.042340122163295746
29,1.4703053789465002,1.0,0.8731224345974624,0.6324955519462018,0.023781070003509104,0.5000275373458862,0.577,1.0,64,1.0,54,0.84375,0.9025641339168531,39.57078125,26.262848599821545,-0.5330275561120179,0.44928906536921726,2.796875,1.5225357908354733,-0.5145474274429079,0.4759550661655236,2.6732917187500016,1.8285933608382534,0.16978165066442655,0.8739506455420786,262.812359375,93.99512883112739,-0.5425937708633224,0.6240665506431685,1.0,1.0000966787338257,0.00518623273819685,0.9999999403953552,0.043055787682533264
30,1.4677170047289518,0.984375,0.8742786087687053,0.640763269892999,0.028488969790113713,0.547361433506012,0.5900000000000001,1.0,63,0.984375,55,0.873015873015873,0.8969775903160684,41.28650793650795,31.05179355598623,-0.503675932792093,0.531215463995849,2.6984126984126986,1.4974573225486671,-0.545327414060548,0.46811536603852233,2.6195592063492077,1.889837269420267,0.1441009471767224,0.9032213158764796,258.40134920634915,81.61460217196176,-0.5718800108529237,0.5418679020173192,0.984375,0.9991077184677124,0.009009009227156639,1.0230478048324585,0.04567412659525871
31,1.5046479393014662,1.0,0.885587808676064,0.6351692403542315,0.03600736909976787,0.5490865111351013,0.603,1.0,64,1.0,51,0.796875,0.8994546831702824,38.11796875,26.815417217741057,-0.55788140118525,0.4587420779376674,2.484375,1.2373382154346482,-0.6122370575140074,0.38680036012366414,2.6702832812500015,1.432752469476427,0.1683438099987507,0.6847640226731027,253.915234375,86.45971245664481,-0.6016648969784492,0.5740362845755286,1.0,0.9988469481468201,0.00047938639181666076,0.9999999403953552,0.043085720390081406
32,1.4680047526089797,0.984375,0.9100724274203891,0.6372910462300063,0.026585868448072685,0.430433064699173,0.6160000000000001,1.0,63,0.984375,49,0.7777777777777778,0.905798243047067,37.1320634920635,27.734967222859876,-0.5747476771414651,0.4744731880185023,2.619047619047619,1.5678169174432692,-0.5701374788405097,0.49011025498958183,2.580519841269843,1.668743519679225,0.1254426281412517,0.7975526475712829,246.74379365079366,82.56671062000848,-0.6492786013432578,0.5481892831612105,0.984375,0.9975825548171997,0.0015511892270296812,1.0230478048324585,0.044281285256147385
33,1.4062796827100463,0.96875,0.8771310294828107,0.5849655558608647,0.03873330414530364,0.49603012204170227,0.629,1.0,62,0.96875,44,0.7096774193548387,0.9024905964542281,43.845,30.62232106781988,-0.4599067847656785,0.5238683062008122,2.935483870967742,1.899668627656188,-0.47121734958879125,0.5938493615788993,2.2959961290322597,1.738162844292378,-0.010541504420662068,0.8307306437611784,257.12982258064517,103.71134649461746,-0.5803221210475878,0.6885759195642573,0.96875,0.9984293580055237,0.0013863216154277325,1.0446385145187378,0.04337558150291443
34,1.4888584062976806,0.96875,0.9103626690564617,0.6495454674925887,0.03889346484134622,0.4568733274936676,0.6420000000000001,1.0,62,0.96875,50,0.8064516129032258,0.9041810946378808,38.99983870967743,25.88877129193743,-0.5427948987270456,0.4428895751008147,2.903225806451613,1.6035210995660087,-0.48130144043484024,0.5012716256889789,2.725052580645163,1.6035364143797086,0.19452003134319787,0.7663878227442263,266.47585483870967,94.54907385173519,-0.5182705425666551,0.6277443854688194,0.96875,0.9975481033325195,0.0014360938221216202,1.0446386337280273,0.0475529320538044
35,1.5413792343990877,1.0,0.8939143386669457,0.6343573300166017,0.028747810478190687,0.4627853035926819,0.655,1.0,64,1.0,48,0.75,0.9045246445346102,38.95015625,25.535759515590797,-0.5436448364551969,0.43685046131404204,2.625,1.3635890143294642,-0.5682767239820126,0.42626722041235326,2.5570287500000015,1.7667395464460989,0.11421538931415975,0.8443884792480466,254.17889062500004,73.53044046454447,-0.5999143908773442,0.48819432366994014,1.0,0.9983575940132141,0.004006009083241224,0.9999999403953552,0.047442156821489334
36,1.5157455699838547,0.984375,0.886880783334611,0.6205026927416178,0.04457054719533372,0.4989248812198639,0.6679999999999999,1.0,63,0.984375,51,0.8095238095238095,0.9102008932676541,41.78984126984127,33.14731732744825,-0.4950652079484812,0.5670644281004338,2.761904761904762,1.883211422217637,-0.5254793622365787,0.5887047269827517,2.613434920634922,1.6892340827694894,0.14117393039534754,0.8073458258818768,264.88234920634926,95.16608697799582,-0.5288503840518906,0.6318409515163944,0.984375,0.9992070198059082,0.002417794894427061,1.0230478048324585,0.048137057572603226
37,1.5710020552865576,1.0,0.9072633041068912,0.6079714733037014,0.05174722999054283,0.557809054851532,0.681,1.0,64,1.0,53,0.828125,0.9075085011164885,38.156875,27.679781084021872,-0.5572158163903227,0.4735290966475445,2.734375,1.716120147126943,-0.5340853534571278,0.5364708554572534,3.164636562500002,1.8768483560315117,0.40461305308307927,0.8970134462187941,289.673640625,97.83117648952191,-0.36425232547139685,0.649535413339001,1.0,0.9998473525047302,0.0017414018511772156,0.9999998807907104,0.04134956747293472
38,1.5494907683197225,1.0,0.8933848768938333,0.624194479116903,0.049100510077430784,0.4900389313697815,0.6940000000000001,1.0,64,1.0,49,0.765625,0.9108271042193787,40.95734375000001,31.82691300427731,-0.5093070763120757,0.5444757427180349,2.78125,1.7541802750857736,-0.519431908946463,0.5483687108836754,2.5246173437500015,1.8086738380943679,0.09872481058749903,0.8644303879857849,258.84459375000006,91.98030581015004,-0.5689371552295798,0.6106894355895064,1.0,0.9987839460372925,0.0022614202462136745,0.9999998807907104,0.044446658343076706
39,1.5755398501494793,1.0,0.8992657163180411,0.6157356496800606,0.03722960132804132,0.5385676026344299,0.7070000000000001,1.0,64,1.0,52,0.8125,0.9122543760433643,37.42296875,29.68259226169479,-0.5697710444295753,0.5077919892925488,2.640625,1.762164750917178,-0.5633922424784576,0.5508647124525763,2.673105781250001,1.7972253034328767,0.16969278443444016,0.8589587208168007,258.044953125,91.04256781161321,-0.574246249145441,0.6044634648883511,1.0,0.9986403584480286,0.002812939463183284,0.9999999403953552,0.04341668635606766
40,1.5799815608967958,1.0,0.8905618353746831,0.6252325433032955,0.0455672808653554,0.5907261967658997,0.72,1.0,64,1.0,49,0.765625,0.9081231012182633,39.2896875,30.455472618272463,-0.5378363394295856,0.5210139629763696,2.734375,1.6511566731764131,-0.5340853534571278,0.516162830694499,2.5984648437500018,1.8326965181725687,0.1340191913278312,0.8759116922558443,258.6115,96.02645451482373,-0.5704847461988988,0.6375532326491561,1.0,0.9981912970542908,0.00717488769441843,1.0,0.044751282781362534
41,1.6051994003863785,1.0,0.9125512735918164,0.6470677025001255,0.03752734164697547,0.5065600872039795,0.7330000000000001,1.0,64,1.0,52,0.8125,0.898966834914875,35.09015625,29.102905648115033,-0.609679401812169,0.49787505831560724,2.546875,1.5804438409431067,-0.5926991314997875,0.49405751734361447,2.6503389062500013,1.6286976846616577,0.15881167465391216,0.7784133002924373,251.65128125000004,81.42467831059209,-0.6166960739671514,0.5406069310444217,1.0,0.9988637566566467,0.0020010005682706833,0.9999999403953552,0.04783507436513901
42,1.522263938366727,0.96875,0.8909014021196673,0.6209747468053602,0.03421969813447145,0.38720306754112244,0.746,1.0,62,0.96875,51,0.8225806451612904,0.9026680530066978,43.75645161290322,33.376949506758265,-0.46142161747422683,0.5709928377254885,2.8870967741935485,1.5974257386917101,-0.4863434858578647,0.4993661743323066,2.3914714516129045,1.8911413629185538,0.03508959191255568,0.903844589141648,253.5282903225807,94.59824771008681,-0.6042339539401036,0.628070867921101,0.96875,0.9981648921966553,0.0004955401527695358,1.0446386337280273,0.05413581803441048
43,1.5915514261831798,0.984375,0.9058352529056488,0.650723740295223,0.03325171470649259,0.5181740522384644,0.7590000000000001,1.0,63,0.984375,42,0.6666666666666666,0.8964810583171426,36.97952380952382,29.630301865862446,-0.5773572345601694,0.506897436556504,2.4444444444444446,1.34256066373273,-0.6247196213564256,0.41969361468179217,2.816616507936509,1.4974788604535525,0.23828173095253943,0.7156990968068818,249.43893650793652,72.18251222078592,-0.6313846048429761,0.47924495639891695,0.984375,0.9987806677818298,0.002044989727437496,1.0230478048324585,0.055099040269851685
44,1.609810617209879,1.0,0.911806003190577,0.650582661057669,0.039262303234553944,0.5006081461906433,0.772,1.0,64,1.0,53,0.828125,0.8889112651056098,36.809375,25.590847721585448,-0.5802680383640325,0.437792877308641,2.625,1.5360257159305635,-0.5682767239820126,0.4801721087006474,3.210636562500002,1.5500030953398733,0.42659811031663875,0.740802320940027,281.84684375000006,83.59490958358705,-0.41621716864046565,0.5550158558629532,1.0,0.9976468682289124,0.006057782098650932,0.9999999403953552,0.05736083909869194
45,1.5991029158852639,1.0,0.9138051527552307,0.6149024911301506,0.030982430285191855,0.41981449723243713,0.7850000000000001,1.0,64,1.0,45,0.703125,0.8941523518103105,42.48546875,32.334828983702295,-0.4831648301498678,0.5531648647230063,2.765625,1.5686597334587893,-0.5243163904500179,0.49037372502085913,2.5875681250000016,1.6368910720553809,0.12881125686311914,0.7823292153095618,249.246125,86.56279333425032,-0.6326647479118624,0.5747206745915273,1.0,0.9986609816551208,0.006360078230500221,0.9999998807907104,0.05135602131485939
46,1.596743026620187,0.984375,0.9049587287600078,0.6462443332685,0.026616836991149688,0.4381524622440338,0.798,1.0,63,0.984375,52,0.8253968253968254,0.8966144017511246,43.83920634920636,29.672508857691845,-0.46000589906930234,0.507619488463364,2.9365079365079363,1.5313964565323601,-0.47089721972066284,0.47872497065868375,2.6740673015873035,1.519943207223476,0.17015232964415372,0.7264356174471273,257.61822222222224,89.01342691895074,-0.5770794649286526,0.5909912884745293,0.984375,0.9990004897117615,0.0015120967291295528,1.0230478048324585,0.05835174024105072
47,1.5985999059099392,0.984375,0.9119756410992335,0.6184049318776219,0.039790130676717606,0.43413445353507996,0.8109999999999999,1.0,63,0.984375,50,0.7936507936507936,0.9043611196579648,52.50396825396826,45.586646281269644,-0.31177434821370603,0.7798690086180489,3.1904761904761907,2.402757297436736,-0.3915050124247851,0.7511183089191336,2.500452539682541,1.7783914423058185,0.08717558014269759,0.8499573400601207,276.42065079365085,107.31323305183199,-0.4522435623855818,0.7124901047728048,0.984375,0.997951090335846,0.003034243592992425,1.0230478048324585,0.0517093650996685
48,1.6648697625958189,1.0,0.8956722256261855,0.6365632532191021,0.02640289783117932,0.5369907021522522,0.8240000000000001,1.0,64,1.0,43,0.671875,0.8988049113944834,36.329218749999995,31.147681961538463,-0.5884822635640802,0.5328558653387026,2.359375,1.4616684334605436,-0.651312909542447,0.4569275153643643,2.8230079687500016,1.6803951288361296,0.24133644033929344,0.8031213713577526,248.53109375,91.87086621954056,-0.6374120905809839,0.6099628278528633,1.0,0.9996797442436218,0.003610108280554414,0.9999999403953552,0.04889119789004326
49,1.64440156829932,0.984375,0.923749566078186,0.6458567299915867,0.04758833912949037,0.45005008578300476,0.837,0.96875,63,0.953125,51,0.8095238095238095,0.8984650430310919,38.28698412698413,24.998995512196,-0.5549899874656149,0.427667824613668,2.634920634920635,1.3835953544343431,-0.5651754658845174,0.43252133869690434,2.7339376190476203,1.5526693775577098,0.19876651129538048,0.7420766332695913,251.91641269841273,85.02074632431764,-0.6149357735075904,0.5644824849067486,0.984375,0.9979748725891113,0.0068796067498624325,1.0230478048324585,0.05587080121040344
50,1.7096035983825777,1.0,0.8878935677930713,0.6631047656361284,0.03843496013308908,0.5613919496536255,0.8500000000000001,1.0,64,1.0,48,0.75,0.8966565671404461,32.13640625000001,22.631610592762968,-0.6602103856005513,0.38716802301071185,2.40625,1.4654217609616693,-0.6366594650317822,0.45810083112475036,2.799270312500002,1.383007941080069,0.2299913592252325,0.6609893204154864,246.571140625,80.8976987782771,-0.6504249051954365,0.5371081295311836,1.0,1.0001215934753418,0.006728778593242168,0.9999999403953552,0.053667981177568436
51,1.6266735284822977,0.984375,0.884267302732619,0.6394734762177162,0.0398324471887911,0.46657851338386536,0.863,1.0,63,0.984375,50,0.7936507936507936,0.9086196404624943,45.23301587301588,31.1466788789788,-0.4361614415316935,0.5328387052037687,3.0952380952380953,1.7791944468828005,-0.4212770901607392,0.5561883114897122,2.7310460317460334,1.4588479039541984,0.19738451754926697,0.6972359709454592,268.94003174603176,89.3125331998283,-0.5019100098257521,0.5929771597351381,0.984375,0.9985491633415222,0.0109235355630517,1.0230478048324585,0.054408151656389236
52,1.6460255514346058,0.984375,0.887294861532393,0.6084806365847033,0.03704940742802542,0.5372270345687866,0.8760000000000001,1.0,63,0.984375,46,0.7301587301587301,0.9027979880682534,41.58873015873015,30.650679139634683,-0.49850569624140356,0.5243534390885459,2.8095238095238093,1.7353206817417708,-0.5105933233686016,0.5424730734530611,2.865169365079366,1.5852248414655892,0.261486890585986,0.7576360623408913,270.5117777777778,96.90389365519803,-0.4914746379430124,0.6433788581314774,0.984375,0.9979416131973267,0.0004562043759506196,1.0230478048324585,0.055273622274398804
53,1.6978838058402805,0.984375,0.9084125208476234,0.62826195631461,0.035009988319544424,0.4878000020980835,0.889,1.0,63,0.984375,47,0.746031746031746,0.908837561321798,35.24777777777778,24.293006338584163,-0.6069829072324521,0.4155901851768324,2.492063492063492,1.660684653923881,-0.6098335824884485,0.519141342421042,2.4300296825396837,1.5281376113415732,0.05351795960277387,0.7303520183934594,236.16306349206351,95.37552251634493,-0.719527771226391,0.6332314673401924,0.984375,0.9989383220672607,0.0028296548407524824,1.023047924041748,0.054074738174676895
54,1.6779229745445123,1.0,0.8802004912868142,0.6154702382806461,0.03678741533128461,0.4551488161087036,0.9020000000000001,1.0,64,1.0,44,0.6875,0.9162163122378806,43.34296875,26.703743047539675,-0.46849523434841617,0.45683162319910553,2.65625,1.2896068926227093,-0.5585077609749026,0.40313990488784784,2.2841164062500012,1.7148860160694432,-0.01621925192689622,0.8196058089634187,238.752140625,88.41374066743447,-0.7023379821831347,0.5870097616113206,1.0,1.000087857246399,0.0021220159251242876,0.9999999403953552,0.0500674843788147
55,1.685671614384174,1.0,0.9032034589909017,0.6240921797158201,0.040249319690077126,0.479748010635376,0.915,1.0,64,1.0,53,0.828125,0.9076709591047566,41.629374999999996,32.32998177364743,-0.49781036866957523,0.5530819415600097,2.859375,1.703554991591114,-0.49500950142868805,0.5325429021897944,2.6537357812500013,1.5610831984102478,0.16043516359500448,0.7460979013781991,265.68770312500004,85.4896510753787,-0.5235033575803133,0.5675957076259877,1.0,0.9999082088470459,0.015850143507122993,0.9999999403953552,0.05250325798988342
56,1.6379715578643967,0.984375,0.879566094231984,0.6190775280671476,0.03870922301375031,0.4572356641292572,0.9280000000000002,1.0,63,0.984375,51,0.8095238095238095,0.9207574651782735,39.072539682539684,28.71279483437316,-0.541551174078344,0.4912012764434572,2.6825396825396823,1.7622622260002054,-0.5502894270165404,0.550895183827943,2.5813188888888905,1.766722164353922,0.1258245217855365,0.8443801717199738,246.70634920634924,91.49910892950781,-0.6495272081123081,0.6074946011207738,0.984375,0.999483585357666,0.0067462376318871975,1.0230478048324585,0.06100519001483917
57,1.7429410752614607,1.0,0.9125308943912387,0.6385425906563522,0.032781036933384834,0.46424758434295654,0.9410000000000001,1.0,64,1.0,49,0.765625,0.9054734227726586,35.63796875,26.520316220522776,-0.6003077540570871,0.45369366703411346,2.421875,1.559293585049012,-0.6317749835282273,0.4874458031861642,3.1327026562500015,1.3716409199012822,0.38935068880922324,0.6555566114765579,271.3549375,95.34430425598902,-0.48587660551269557,0.6330241983859427,1.0,0.9997747540473938,0.004946043249219656,0.9999999403953552,0.059087123721838
58,1.7117832238067265,0.984375,0.9038675285521007,0.6035962367969407,0.04467324594437786,0.5035218596458435,0.954,1.0,63,0.984375,48,0.7619047619047619,0.9079036414515869,37.233174603174604,26.165284332634513,-0.5730179288836977,0.44761999439044337,2.507936507936508,1.41278758413058,-0.6048715695324562,0.44164702868082734,2.567754126984129,1.8867483750064087,0.1193414333760628,0.9017450219530644,252.0942222222222,94.21501700247165,-0.6137552338607473,0.6255264651549576,0.984375,0.9989332556724548,0.0,1.0230478048324585,0.0614871084690094
59,1.7552346007285236,0.984375,0.9162453337321206,0.6393216396684062,0.030110961314670826,0.45133405923843384,0.9670000000000001,1.0,63,0.984375,43,0.6825396825396826,0.9008317872500505,37.966825396825385,25.928971773355805,-0.5604670710384835,0.44357730083076374,2.6507936507936507,1.4601449173428738,-0.5602134529285251,0.4564512538413482,2.362752380952382,1.4430621754138684,0.021363713387203043,0.6896914025664899,243.1006349206349,84.12339008941905,-0.6734668069497468,0.5585246228645844,0.984375,1.0004448890686035,0.002673796843737364,1.0230478048324585,0.055704690515995026
60,1.7439287654697666,0.984375,0.8970995999517895,0.654775981993244,0.027158631773458272,0.483558714389801,0.98,1.0,63,0.984375,47,0.746031746031746,0.9065040758575912,34.26603174603174,25.260655682756965,-0.6237780296410742,0.43214414990750855,2.2222222222222223,1.2011164706281023,-0.6941878027403184,0.3754771958014842,2.6957266666666686,1.4852533113660487,0.18050412053355364,0.70985606645035,247.57217460317466,82.59475198412261,-0.6437786903372343,0.5483754595896665,0.984375,0.999418318271637,0.01222104113548994,1.0230478048324585,0.05753542482852936
61,1.7202620296541755,0.984375,0.8952586778572628,0.6454415042978395,0.028816222388290905,0.42668309807777405,0.9930000000000001,1.0,63,0.984375,43,0.6825396825396826,0.8997614841732776,39.169999999999995,27.74298641527432,-0.5398838814091615,0.4746103755536323,2.746031746031746,1.5732713261414435,-0.530441375192571,0.49181534032712176,2.7298952380952404,1.5898574814971833,0.19683451180412126,0.7598501679112625,266.1569841269842,101.44853790140637,-0.5203876367995399,0.6735523415225906,0.984375,0.9974524974822998,0.00388538115657866,1.023047924041748,0.05957696586847305
62,1.8004073210289064,1.0,0.9207392176613212,0.617622581140364,0.03166625879616662,0.42835038900375366,1.006,1.0,64,1.0,50,0.78125,0.9007052990993533,31.227656250000003,25.20758856117213,-0.6757567356700199,0.4312363094130525,2.296875,1.4106701366283332,-0.6708508355566669,0.4409851001586211,2.9469570312500015,1.6684474642394735,0.30057616279817434,0.7974111520106906,253.35651562500001,88.60570758509867,-0.6053744262639358,0.588284297149854,1.0,0.9993685483932495,0.008767656981945038,0.9999999403953552,0.06207575649023056
63,1.7966643070719268,1.0,0.9195360522717237,0.6683241170842849,0.028207498299171213,0.441409170627594,1.0190000000000001,1.0,64,1.0,56,0.875,0.8950125365456107,33.15265625,23.13001676948886,-0.6428249899932916,0.3956944570136457,2.71875,1.4839637588229708,-0.5389698349606828,0.4638971860426693,2.8222632812500015,1.4490658658868134,0.24098052735432346,0.6925607825373653,264.29239062500005,89.66968626255778,-0.5327673255089995,0.5953484238919187,1.0,0.9991745948791504,0.01518026553094387,0.9999999403953552,0.06988563388586044
64,1.8773277153676382,1.0,0.9393635001033545,0.6706726380937282,0.04543778884094532,0.49969372153282166,1.032,1.0,64,1.0,47,0.734375,0.8877269996020181,33.485468749999995,26.516706168569907,-0.6371314333137924,0.45363190843006584,2.375,1.3863170633011772,-0.6464284280388921,0.43337216344046353,2.8461828125000013,1.3897941505112252,0.25241253308326167,0.6642326943881579,251.986515625,62.95480741174384,-0.6144703356478911,0.41797899525662824,1.0,0.9989171028137207,0.0019646366126835346,0.9999998211860657,0.0787200853228569
65,1.8496535704819306,1.0,0.9217614261433482,0.6607854797204875,0.027534795907753727,0.46829816699028015,1.0450000000000002,1.0,64,1.0,46,0.71875,0.8861640748049103,34.139375,23.592034995616103,-0.6259447973026634,0.40359838777771606,2.328125,1.2254423627306998,-0.661081872549557,0.3830816354835713,2.782000468750001,1.2981944014734352,0.22173747871961527,0.6204538742756474,245.95090625,78.93319392129155,-0.6545428582405562,0.5240650943753582,1.0,0.9984240531921387,0.0010060361819341779,0.9999998807907104,0.07372734695672989
66,1.8512951319296325,0.984375,0.9310331164844452,0.6679158775273872,0.04122906546214933,0.5090124607086182,1.058,1.0,63,0.984375,49,0.7777777777777778,0.8918430871012165,28.92746031746032,21.580109151955885,-0.7151071083749767,0.3691795668925964,2.238095238095238,1.4110030847646722,-0.6892257897843261,0.4410891820154909,2.858289365079367,1.296148014720191,0.25819869072148877,0.6194758323214719,245.00774603174602,81.7257046024132,-0.6608048289557312,0.542605549929526,0.984375,0.9999610781669617,0.007739937864243984,1.023047924041748,0.06629811227321625
67,1.8388545182345806,1.0,0.9044592608697712,0.673520216508673,0.040844442029473696,0.42825496196746826,1.0710000000000002,1.0,64,1.0,56,0.875,0.8999975014922355,33.166875000000005,23.911526631718335,-0.642581744144543,0.40906405910548777,2.609375,1.3301455218790912,-0.5731612054855676,0.4158125567139131,3.0615090625000017,1.6674407617126916,0.3553247054775598,0.7969300126048543,268.678625,83.01967637526137,-0.5036455806828758,0.5511966813099808,1.0,0.9985834956169128,0.008890968747437,0.9999998807907104,0.056589338928461075
68,1.8192234239582348,1.0,0.9110466190613806,0.6610245681136573,0.033160912687411,0.4681554138660431,1.084,1.0,64,1.0,48,0.75,0.9026656742213707,43.7359375,29.238561637349633,-0.4617725606165191,0.5001957796335288,3.046875,1.4729825981236166,-0.43639572338602844,0.46046440035796143,2.477025468750001,1.5260684688408999,0.07597893894125086,0.7293631006477704,264.50690625000004,89.04106133350764,-0.5313430812123262,0.5911747630224768,1.0,0.9984133839607239,0.01251805480569601,1.0,0.0604151226580143
69,1.7752269593144079,1.0,0.8888740825932473,0.6208488009494224,0.03920878948623422,0.42694035172462463,1.097,1.0,64,1.0,44,0.6875,0.9106378118676232,40.391875,31.185324817682677,-0.5189807766046148,0.5334998367491374,2.84375,1.7430105959230426,-0.499893982932243,0.5448769930423313,2.6479173437500014,1.360452947878531,0.15765432269397436,0.6502094765798699,263.572125,83.82319805782068,-0.5375494210253339,0.5565315429250193,1.0,0.9988975524902344,0.0014591439394280314,0.9999998807907104,0.06145836412906647
70,1.807744491579511,0.984375,0.9086883039701552,0.6425846318645717,0.03139729140995506,0.4468598961830139,1.1099999999999999,1.0,63,0.984375,46,0.7301587301587301,0.9087105847192545,33.1695238095238,20.862648512301732,-0.6425364298995644,0.3569056804935557,2.365079365079365,1.2382987215772754,-0.6495296861363873,0.3871006208908778,2.714340158730159,1.7234721150432708,0.18940017897555894,0.8237094149928231,240.64595238095234,84.86695193129566,-0.6897643032616663,0.5634613901164651,0.984375,0.9981648921966553,0.0030518819112330675,1.0230478048324585,0.05517655611038208
71,1.8275689976980758,0.984375,0.9214456445640988,0.6314790695152709,0.0305121494068606,0.41308605670928955,1.123,1.0,63,0.984375,49,0.7777777777777778,0.9004572176269349,32.40428571428572,22.697133915581926,-0.6556276643590576,0.38828895672653946,2.3968253968253967,1.6285126385626167,-0.6396056602244027,0.5090841511273344,3.0523565079365103,1.7071751901119703,0.3509503699142634,0.8159205274418305,259.99533333333335,92.39146926606841,-0.5612969924744483,0.6134192936457308,0.984375,0.9978612661361694,0.010623556561768055,1.0230478048324585,0.05185217037796974
72,1.8771040688612857,1.0,0.8968937839381397,0.6533061050484442,0.03449459026034021,0.5020226240158081,1.136,1.0,64,1.0,50,0.78125,0.9077772679014421,34.45875,25.743461882340146,-0.620481121315388,0.440403708855987,2.359375,1.407204537149806,-0.651312909542447,0.439901730139319,2.5143487500000017,1.577383164268337,0.09381707968963131,0.7538882422976589,237.8385625,76.15613531933816,-0.7084035470299697,0.5056272305817073,1.0,0.9987471103668213,0.005450941622257233,0.9999998807907104,0.05168001353740692
73,1.7962153423036016,0.984375,0.8844725286203717,0.630552980062166,0.034868260722263164,0.43856939673423767,1.149,1.0,63,0.984375,51,0.8095238095238095,0.9110462812104352,38.41079365079365,31.04170595978784,-0.5528719283744711,0.5310428914490984,2.619047619047619,1.7036708399998397,-0.5701374788405097,0.5325791171920111,2.8910380952380956,1.7214586009082014,0.27385048869683754,0.8227470840471691,264.62107936507937,90.84532430338592,-0.5305850459503952,0.6031538962187096,0.984375,0.9981834292411804,0.00046382189611904323,1.023047924041748,0.062364738434553146
74,1.9346901134385783,1.0,0.9101260742172599,0.6688469412427869,0.03459737192315176,0.4716792106628418,1.162,1.0,64,1.0,53,0.828125,0.8866680764236021,30.6096875,22.667629036852173,-0.6863285744810151,0.38778420495378574,2.4375,1.2854352375751958,-0.6268905020246722,0.4018358170850452,3.1018828125000018,1.8457753794141556,0.3746207751402428,0.8821625512329327,271.743890625,78.23984995634366,-0.4832942096151728,0.5194617411804106,1.0,0.9979628324508667,0.003291020169854164,0.9999998807907104,0.05596809834241867
75,1.9296150842220985,1.0,0.9227229012176394,0.6543226949534776,0.034321242170863554,0.4810132682323456,1.175,1.0,64,1.0,57,0.890625,0.8940734291060436,35.800000000000004,29.347947969151097,-0.5975358205938753,0.5020670954046436,2.5,1.489546910976623,-0.6073525760104523,0.46564251746193636,3.4232925000000023,1.6067505828661246,0.5282340441643283,0.7679239896601427,291.3025,92.55690291028411,-0.3534377581179618,0.6145176654974414,1.0,0.9988455772399902,0.0013227512827143073,0.9999999403953552,0.058423515409231186
76,1.8463009852804975,1.0,0.8944738390855491,0.6418678026435783,0.02583342349540218,0.4128870964050293,1.1880000000000002,0.984375,64,0.984375,55,0.859375,0.895534942821302,35.45421875,29.17433556466451,-0.6034512388716838,0.4990970384950968,2.6875,1.5599979967935855,-0.5487387979677927,0.48766600709894864,2.922520312500002,1.7813776625813118,0.28889697453036706,0.8513845623137889,277.185890625,77.11229099098709,-0.44716286737613264,0.5119754826592794,1.0,1.0011531114578247,0.021709006279706955,0.9999999403953552,0.061108123511075974
77,1.8952692250831682,1.0,0.8771232380531728,0.6841476136549964,0.02257765258346045,0.4759788513183594,1.201,1.0,64,1.0,53,0.828125,0.8936156540220245,34.79109375,23.66121715468608,-0.6147955837298036,0.4047819146701106,2.359375,1.24206465587545,-0.651312909542447,0.3882778776219522,2.924118281250002,1.4452345192374445,0.28966070136571903,0.6907296439424092,258.46459375,73.1946730167057,-0.5714601081973925,0.4859650460935727,1.0,1.0003999471664429,0.009694619104266167,0.9999998807907104,0.06582506000995636
78,1.9407333322221185,1.0,0.9241244303993881,0.6511969024181836,0.026880452765450952,0.453510046005249,1.214,1.0,64,1.0,45,0.703125,0.89785922577989,36.531875,24.416668798883585,-0.5850153419615869,0.41770572839363185,2.375,1.3975424859373686,-0.6464284280388921,0.4368813070715717,2.679218437500001,1.724804173131167,0.17261424307586026,0.8243460535428411,244.519453125,81.91068410258859,-0.6640467764247749,0.543833693558347,1.0,0.9989007711410522,0.0,0.9999999403953552,0.06839781254529953
79,1.9310844302328731,1.0,0.9071817290969193,0.6729764736324472,0.048260994966167224,0.411533385515213,1.227,1.0,64,1.0,54,0.84375,0.9029682048295288,34.843593750000004,21.074169865559615,-0.6138974452113473,0.36052426096663936,2.296875,1.3071879108892492,-0.6708508355566669,0.4086358510341887,2.959429531250002,1.7343806420713919,0.3065372198926434,0.8289229930590638,267.49846875000003,91.97571891214159,-0.511481050981349,0.6106589815686024,1.0,0.9998899698257446,0.004089050460606813,0.9999998807907104,0.06059882789850235
80,1.9457882108865827,1.0,0.915647535584867,0.6588781521127534,0.03651151956181531,0.4209165573120117,1.24,1.0,64,1.0,52,0.8125,0.8980636955816281,32.659375,23.216496685748588,-0.6512637498229533,0.3971739035634691,2.53125,1.262051281644292,-0.5975836130033424,0.39452583307068073,3.373676093750002,1.6499095628942997,0.5045205760962894,0.7885512210962617,278.046890625,77.26164615369433,-0.44144638709906303,0.5129671038461486,1.0,0.9980157613754272,0.0,0.9999998807907104,0.0635506734251976
81,1.969241690246789,1.0,0.9101735139265656,0.6909069295994749,0.036776440754819555,0.4176687002182007,1.2530000000000001,1.0,64,1.0,51,0.796875,0.9009587740754947,34.00234375,23.46992668436218,-0.6282890457570863,0.4015094320108439,2.46875,1.357487914310842,-0.6171215390175623,0.4243599749600461,3.078720000000002,1.5614510009473177,0.36355043256409714,0.7462736874614193,266.877015625,82.07680687957249,-0.5156070957341782,0.5449366408036437,1.0,0.999438464641571,0.00468823267146945,0.9999999403953552,0.06093481183052063
82,1.974878165010185,1.0,0.8951412001624703,0.6476532455400017,0.051936542149643335,0.4759249687194824,1.266,1.0,64,1.0,51,0.796875,0.8930028866498224,44.99625,33.83101339285449,-0.44021189011095974,0.5787606904101159,3.0,1.928406077567689,-0.45104916789669336,0.6028328843022314,2.7833973437500017,1.793977041614911,0.2224050956070749,0.8574062594694625,277.25345312499996,78.09828604692014,-0.44671429629748083,0.5185218488503706,1.0,0.9994249939918518,0.001354401814751327,0.9999999403953552,0.05794689431786537
83,1.9596625764931686,1.0,0.912595322355628,0.62977834517782,0.03729302641516861,0.4178392291069031,1.279,1.0,64,1.0,49,0.765625,0.8997411350257499,38.28484375,25.34072155100533,-0.5550266037515856,0.43351386877012754,2.65625,1.4493398281631538,-0.5585077609749026,0.45307350931382157,2.666267812500001,1.3688353866054688,0.16642467281856962,0.6542157460400554,261.732125,83.26236908440018,-0.5497658248694786,0.5528080031278444,1.0,0.9986733198165894,0.004390243906527758,0.9999998807907104,0.06090547889471054
84,1.9778074745814669,1.0,0.9240246959961951,0.6234158664444176,0.02221828287262341,0.38721156120300293,1.292,1.0,64,1.0,47,0.734375,0.8851065987914648,36.11265625,20.95034645016249,-0.592187084952712,0.35840596422654475,2.453125,1.2615675702771532,-0.6220060205211173,0.3943746216002264,2.8946815625000015,1.8009359855392042,0.2755918329638289,0.860732189479478,256.22421875,94.1655773601859,-0.5863347417638737,0.6251982180701354,1.0,0.9992988109588623,0.003894839435815811,0.9999999403953552,0.057381998747587204
85,2.0074720166265174,1.0,0.9210282396525145,0.6644531919510088,0.03550381477071671,0.42896661162376404,1.305,1.0,64,1.0,59,0.921875,0.8872780480451877,35.34984375,26.801495789192177,-0.6052368237833766,0.4585039184860163,2.453125,1.4462201541864226,-0.6220060205211173,0.45209827796428775,3.4954525000000025,1.4936434160363559,0.5627219078594076,0.7138659997410512,286.24278125000006,76.50763240223753,-0.38703100137219476,0.507960942709282,1.0,0.9976951479911804,0.0,1.0,0.054673418402671814
86,1.9567708056259927,0.984375,0.9188625788877881,0.6447110324196287,0.027664085382968558,0.4306463301181793,1.318,1.0,63,0.984375,54,0.8571428571428571,0.905007326021556,36.31396825396824,27.49563096835929,-0.588743159905255,0.470378766894121,2.507936507936508,1.41278758413058,-0.6048715695324562,0.44164702868082734,2.9527092063492084,1.5522146159593353,0.30332533451064214,0.7418592863181154,267.2508888888889,101.55218071828129,-0.5131248203112463,0.6742404624500301,0.984375,0.9977083206176758,0.013333333656191826,1.023047924041748,0.0659480169415474
87,2.036174983741736,1.0,0.9229717832058668,0.6435245963147298,0.0249473800354017,0.45503437519073486,1.331,1.0,64,1.0,44,0.6875,0.8894708990218909,38.291875000000005,25.924075675120513,-0.5549063173428638,0.4434935413180921,2.46875,1.3459284667098768,-0.6171215390175623,0.42074641284815956,2.6152095312500014,1.5047398195197141,0.14202208074186506,0.7191693707338404,240.62829687500002,81.20735102456855,-0.6898815243436154,0.5391640191463699,1.0,0.9987660646438599,0.006382978521287441,0.9999998807907104,0.06902001798152924
88,2.0755560954115095,1.0,0.9292076756246388,0.6976642802361481,0.027916400826036306,0.392869234085083,1.344,1.0,64,1.0,50,0.78125,0.882052844660868,33.151875000000004,22.778615031085078,-0.6428383551498162,0.3896828867905425,2.28125,1.178833507116251,-0.6757353170602219,0.3685113895219304,3.0196850000000017,1.328929565437444,0.33533547922098456,0.6351433164241596,255.84054687500003,64.45852735963494,-0.5888820735946559,0.4279627181652877,1.0,0.999893844127655,0.007692307699471712,0.9999998807907104,0.05828903615474701
89,2.0467212867813087,1.0,0.9227640968747437,0.6333976374766594,0.01652450411179824,0.38345932960510254,1.357,1.0,64,1.0,38,0.59375,0.9001663594038226,29.521406250000002,25.5965983987123,-0.7049462375198473,0.4378912564445425,1.921875,1.290647699558249,-0.7880783916419862,0.4034652682302744,2.9944842187500016,1.5915536046509773,0.32329111795768756,0.7606608062723783,233.727109375,79.01515167697217,-0.7357009229871813,0.5246092405935942,1.0,0.9996746778488159,0.004136504605412483,1.0,0.06146460771560669
90,2.068576560446541,1.0,0.9264587545767426,0.6525067762167059,0.0341255120045242,0.3727791905403137,1.37,1.0,64,1.0,51,0.796875,0.8961581629090616,36.621562499999996,27.581328388668915,-0.5834810219925576,0.47184482697245256,2.328125,1.531489139489732,-0.661081872549557,0.4787539439829064,3.0417551562500016,1.4994234604652985,0.34588360201032897,0.716628491210243,267.1420625,82.24747325143856,-0.5138473567870976,0.5460697545652367,1.0,0.9999042749404907,0.0,0.9999999403953552,0.06309141963720322
91,2.077039918231058,1.0,0.9214670830406249,0.6811314092353382,0.030517685238784505,0.40358084440231323,1.383,1.0,64,1.0,52,0.8125,0.8866475621041167,30.492187500000004,19.73680939804719,-0.688338694022322,0.337645500034572,2.390625,1.4428399458619796,-0.6415439465353372,0.4510416018017979,3.077004531250002,1.3281418520447692,0.3627305482455942,0.6347668398149944,256.913515625,80.79945513836101,-0.5817582586152286,0.5364558556288282,1.0,1.000900149345398,0.001967535587027669,0.9999998807907104,0.05631248652935028
92,2.051708288134092,1.0,0.9145201109349728,0.6269093969478582,0.026822785162959082,0.43736106157302856,1.3960000000000001,1.0,64,1.0,41,0.640625,0.9114039487547329,34.80921875,25.396003087634647,-0.6144855120984318,0.43445959214929397,2.34375,1.325456878778031,-0.656197391046002,0.41434685492166357,2.661899687500002,1.5793958559346852,0.16433698851143216,0.7548501801558801,244.41921875000003,99.2897091113722,-0.6647122675139409,0.659219121778339,1.0,0.9990326166152954,0.0019474197179079056,0.9999998807907104,0.06075441464781761
93,2.073559138248057,1.0,0.9082469954155385,0.6441048060258147,0.029791499759659217,0.4471702575683594,1.409,1.0,64,1.0,43,0.671875,0.9027432172607978,33.49859375,26.661452796311774,-0.6369068986841784,0.4561081469403824,2.34375,1.416628369580392,-0.656197391046002,0.4428476843921061,2.688581093750001,1.4514927043059829,0.177088993804434,0.6937206560491489,253.012859375,83.44460890106745,-0.6076560803582642,0.5540179570391979,1.0,0.9990102648735046,0.00048804294783622026,0.9999998807907104,0.05787648633122444
94,2.0744483159355362,1.0,0.909378306940198,0.6749870885221654,0.03303670974815889,0.43737438321113586,1.422,1.0,64,1.0,54,0.84375,0.896850871655902,35.5396875,21.63389340022604,-0.6019890907478875,0.37009967556036094,2.59375,1.30765474705673,-0.5780456869891225,0.4087817872022047,2.9491256250000015,1.5093936572116844,0.30161261187882843,0.7213936074297895,265.463046875,65.08298019390077,-0.524994929034722,0.43210867903757677,1.0,0.9993476271629333,0.0014150943607091904,0.9999999403953552,0.05284558981657028
95,2.118869312151711,1.0,0.9277768610045314,0.6566020941613073,0.043016559055853686,0.45969879627227783,1.4349999999999998,1.0,64,1.0,47,0.734375,0.9025636153523534,31.18375,21.83114614919473,-0.676507857466705,0.37347415730741157,2.4375,1.3331705629813464,-0.6268905020246722,0.4167582051818465,3.011145312500002,1.5149019898608236,0.33125405490698,0.7240262380505028,260.814484375,79.81056440820358,-0.5558583620753442,0.5298902640433206,1.0,0.9995930790901184,0.007554296404123306,0.9999998807907104,0.05647309124469757
96,2.1027273040519985,1.0,0.9129755282774568,0.6312261460011798,0.03667947073741193,0.3888273239135742,1.448,1.0,64,1.0,45,0.703125,0.9073637564230083,36.422812500000006,25.77597861071125,-0.5868811178124274,0.44095998554635396,2.265625,1.4815763089949163,-0.6806197985637769,0.4631508529530182,2.850859218750002,1.8735188730804018,0.25464755610616685,0.8954221663657873,250.574015625,94.20344506364478,-0.6238484174032467,0.6254496350038875,1.0,0.998970091342926,0.008547008968889713,0.9999999403953552,0.05697303265333176
97,2.115888223608599,0.984375,0.9406970436610873,0.6304567592315662,0.034960130159020955,0.34359946846961975,1.4609999999999999,1.0,63,0.984375,46,0.7301587301587301,0.9123570080249793,26.02365079365079,21.63352243673952,-0.7647837404434219,0.37009332933948125,2.126984126984127,1.2660658160386837,-0.7239598804762726,0.39578080388634745,2.852409365079367,1.4139035314344384,0.25538842688380775,0.6757554361156041,232.93026984126982,79.794934245904,-0.7409914194779571,0.529786489926581,0.984375,0.9972425103187561,0.013206550851464272,1.0230478048324585,0.06254888325929642
98,2.1078062509624598,1.0,0.9158857683651149,0.6318456493594151,0.03275899846612841,0.423597514629364,1.474,1.0,64,1.0,47,0.734375,0.898600790331312,34.21015625,23.3924142012552,-0.6247339141215306,0.40018339493009025,2.703125,1.6170931433825944,-0.5438543164642378,0.5055143390961822,2.474443593750001,1.3199735557499914,0.07474496786201412,0.6308629167380083,242.8490625,87.36582399222165,-0.6751370842793798,0.5800522761225092,1.0,0.9978119730949402,0.0020714655984193087,1.0,0.059555575251579285
99,2.1008705037161195,0.984375,0.9122447754655566,0.6642563125398614,0.03868317638074124,0.4135339558124542,1.4869999999999999,1.0,63,0.984375,50,0.7936507936507936,0.899087651475819,37.72571428571428,27.952015386593068,-0.5645918553454675,0.4781863178510542,2.507936507936508,1.390135494972147,-0.6048715695324562,0.4345658312081077,2.649488571428572,1.359099511651365,0.15840526900789442,0.6495626206469087,248.5926666666667,79.45029585248646,-0.6370032864419283,0.5274983150384365,0.984375,1.000583291053772,0.020127639174461365,1.023047924041748,0.05778299272060394
100,2.155088244063196,1.0,0.9098576968535781,0.6698197032822857,0.044909774520646,0.3631046414375305,1.5,1.0,64,1.0,51,0.796875,0.8929234595133724,36.43046875,21.853343953907224,-0.5867501392784858,0.3738539040395537,2.40625,1.085684547877513,-0.6366594650317822,0.3393923899394017,2.671307500000001,1.5705057199513808,0.16883332103871646,0.7506012638861611,251.69392187500003,85.40218279966284,-0.6164129679371696,0.5670149751370225,1.0,0.9985893368721008,0.005572441965341568,0.9999999403953552,0.05635026469826698
101,2.162667308824539,1.0,0.9255053568631411,0.65817744648932,0.029856936499193007,0.372681587934494,1.5,1.0,64,1.0,52,0.8125,0.8896081031339954,40.003437500000004,22.419777835286276,-0.5256259324286688,0.3835441152209859,2.609375,1.2700539789217622,-0.5731612054855676,0.3970275307878233,2.8164451562500017,1.6793565476070311,0.23819983580830179,0.8026249959715911,265.28931250000005,75.25305213118335,-0.5261484123426616,0.49963134529292663,1.0,1.0001682043075562,0.0,0.9999998807907104,0.058202147483825684
102,2.1644693860978945,1.0,0.9262501830235124,0.6806146482999369,0.028454257462120762,0.3468616008758545,1.5,1.0,64,1.0,51,0.796875,0.8947674352280525,42.43765625,28.41305497380273,-0.4839827777291761,0.48607350664736193,2.65625,1.394394469832694,-0.5585077609749026,0.4358972157796564,2.6997698437500013,1.4992197405916408,0.1824365005244772,0.7165311261432434,267.236921875,79.70170386731564,-0.5132175522037263,0.5291675008203973,1.0,0.999502956867218,0.0029498524963855743,0.9999998807907104,0.05691588670015335
103,2.1490318454615593,1.0,0.9178986037150025,0.6327053087192493,0.024773893736084303,0.4244529902935028,1.5,1.0,64,1.0,42,0.65625,0.9028777577604143,38.67328125,28.574505630822355,-0.5483814479275315,0.48883550767401696,2.40625,1.4330774359747627,-0.6366594650317822,0.44798977466756534,2.154542656250001,1.607279009174204,-0.07814721518161165,0.7681765436302915,226.01278125000002,96.24829247194288,-0.7869190467704643,0.6390260924709644,1.0,0.9991851449012756,0.0005530973430722952,0.9999999403953552,0.06129057705402374
104,2.164748849206469,1.0,0.9309744257479906,0.6454685516904085,0.03171619694257685,0.43552538752555847,1.5,1.0,64,1.0,44,0.6875,0.8899849564257066,35.127187500000005,24.717211264923147,-0.6090458933929007,0.42284722868281194,2.15625,1.2527313908017152,-0.7148111690886617,0.39161237166679486,2.7789804687500013,1.5085415538323252,0.22029411191862952,0.7209863565262217,249.66985937500004,69.83975981238842,-0.629851427125098,0.46369060339466384,1.0,0.998843252658844,0.0020110609475523233,1.0,0.05287089943885803
105,2.1255126137810345,1.0,0.9207742977887392,0.6257232463259004,0.03694864699698247,0.4120609760284424,1.5,1.0,64,1.0,48,0.75,0.9006298192198519,44.74515625,35.16007461383702,-0.44450745141798104,0.6014974728091802,2.734375,1.679305915959031,-0.5340853534571278,0.5249624758599886,2.439729531250001,1.7097060172872474,0.058153866756104226,0.8171301009265417,260.088125,98.2112342077493,-0.560680916130225,0.6520587495183215,1.0,0.9968536496162415,0.0,0.9999999403953552,0.061742812395095825
106,2.1196585172830136,0.984375,0.9053504864374796,0.6718697921203413,0.03514639125600467,0.4769521653652191,1.5,1.0,63,0.984375,49,0.7777777777777778,0.903253865844073,38.13111111111112,31.357996378287154,-0.5576565695521576,0.5364537982657246,2.380952380952381,1.7405397030949583,-0.644567673180395,0.5441045751021044,2.6447923809523823,1.4720013907717677,0.15616079039053088,0.7035224961738316,250.16149206349212,99.38109094071874,-0.6265873056764015,0.6598258377192704,0.984375,0.9994509816169739,0.007035175804048777,1.0230478048324585,0.06597159802913666
107,2.160770259894867,1.0,0.9183918125927448,0.6600453690969715,0.04571667196127331,0.45495715737342834,1.5,1.0,64,1.0,54,0.84375,0.8984413353154197,36.767812500000005,27.33647360148788,-0.5809790646911436,0.46765599810015374,2.4375,1.6189792308735773,-0.6268905020246722,0.5061039429018649,2.856209531250001,1.399418681269377,0.25720466320464314,0.6688326043786822,254.28539062500002,95.22642891527957,-0.5992073001113654,0.632241582752588,1.0,0.9980118870735168,0.0019221528200432658,0.9999998807907104,0.06102481111884117
108,2.1625587070564545,1.0,0.9371077213436365,0.6435932318493354,0.028299137468558513,0.36299464106559753,1.5,1.0,64,1.0,46,0.71875,0.8970686874716951,33.26140625,30.30826407862979,-0.6409645602050609,0.5184956075535357,2.375,1.6630168369562588,-0.6464284280388921,0.5198703987336535,3.0946970312500017,1.661653428387183,0.3711864314000452,0.7941640375093979,262.883140625,88.67073510251767,-0.5421238293771304,0.5887160375921218,1.0,0.9994258284568787,0.0018424688605591655,0.9999998807907104,0.07094075530767441
109,2.146449649313154,1.0,0.9261183552443981,0.6356070187012108,0.029018821057062563,0.38131850957870483,1.5,1.0,64,1.0,53,0.828125,0.9002964485221738,37.184375,26.96332044851626,-0.5738527632322022,0.4612723177198261,2.46875,1.4358006259575178,-0.6171215390175623,0.4488410624180571,3.0696821875000015,1.7019236613787485,0.3592309363667344,0.8134106326643618,271.32198437500006,101.61625348223282,-0.48609539284037273,0.6746658639499444,1.0,1.0009613037109375,0.01284403633326292,0.9999999403953552,0.06986496597528458
110,2.124480055168289,1.0,0.9262032192200422,0.6263278713434672,0.030629297072963056,0.4310274124145508,1.5,1.0,64,1.0,54,0.84375,0.9002952541942172,34.05640625,23.608786127148957,-0.6273641769255809,0.40388495609119,2.546875,1.2615675702771532,-0.5926991314997875,0.3943746216002264,3.358246250000002,1.9728215873333408,0.49714609788001485,0.942882511067932,279.17831250000006,95.11131682351134,-0.4339344813691175,0.6314773132958571,1.0,1.0001729726791382,0.00911577045917511,0.9999998807907104,0.06884577125310898
111,2.1382920245735413,1.0,0.9190175505355,0.6511711582706357,0.03950802986715274,0.3989388346672058,1.5,1.0,64,1.0,56,0.875,0.8881409847244868,33.2128125,25.23670729740399,-0.6417958729408939,0.43173445529150206,2.703125,1.4435166207477488,-0.5438543164642378,0.4512531349834593,3.723684375000003,1.7305648865560823,0.6718021433897895,0.8270993060287736,300.3514375000001,84.59210507873863,-0.2933586956938188,0.5616365856892213,1.0,0.9990175366401672,0.011868132278323174,0.9999998807907104,0.06141035631299019
112,2.0945977192719925,1.0,0.8895751037634909,0.6395201530861789,0.052700203913769075,0.4787100851535797,1.5,1.0,64,1.0,54,0.84375,0.9023816390783514,36.953593749999996,33.23821508102475,-0.5778008304695829,0.5686194523619232,2.859375,1.9110467313425383,-0.49500950142868805,0.5974062343469959,2.830303593750002,1.454132640120444,0.24482328236493675,0.694982376483363,270.62340625,100.0839038734687,-0.4907334974554193,0.6644920587047928,1.0,0.9966440200805664,0.04680851101875305,0.9999999403953552,0.059812333434820175
113,2.1295489549343083,1.0,0.9156982069835067,0.647468888144226,0.03781035980089553,0.4184330701828003,1.5,1.0,64,1.0,51,0.796875,0.8919695818365062,34.56,31.048956353233514,-0.6187489970297939,0.5311669268324798,2.421875,1.3670758883013774,-0.6317749835282273,0.42735724098329964,2.709650625000002,1.7147204035451344,0.18715888185694554,0.8195266567715596,251.83015625000002,88.40361226892453,-0.6155084602510531,0.5869425156295316,1.0,0.9983664751052856,0.024426719173789024,0.9999999403953552,0.06936032325029373
114,2.11813868068658,0.984375,0.9367029846660675,0.6711417410297644,0.03081388828545432,0.44409438967704773,1.5,1.0,63,0.984375,47,0.746031746031746,0.8946852143562578,32.17841269841269,24.41016105149326,-0.6594917644702089,0.4175943977536389,2.3174603174603177,1.400967883404205,-0.6644157250043643,0.4379521096679932,2.921807301587303,1.281549873768561,0.2885562009276749,0.6124988548361425,251.94826984126985,74.82017613515384,-0.6147242627888604,0.4967573300853545,0.984375,0.9976966977119446,0.0015143866185098886,1.0230478048324585,0.06602557003498077
115,2.0949732149181397,0.984375,0.9052285954119668,0.6728209775063271,0.03341018452941352,0.36582404375076294,1.5,1.0,63,0.984375,49,0.7777777777777778,0.9105688834125735,30.86492063492064,21.490323025116677,-0.6819621990589473,0.3676435596747433,1.9523809523809523,0.9988655696858585,-0.7785420229921883,0.31225218557878226,2.459109841269843,1.4601147084613102,0.06741641512545954,0.6978414224583415,222.5452222222222,68.22352341569737,-0.8099413845078243,0.452959844411195,0.984375,0.9985616207122803,0.002920560771599412,1.0230478048324585,0.06998006254434586
116,2.113361948467827,0.984375,0.9251193337970309,0.6661251859896145,0.027315159097141536,0.31680262088775635,1.5,1.0,63,0.984375,52,0.8253968253968254,0.9062234573576307,36.599206349206355,22.392162836871645,-0.5838634776145039,0.38307169438739946,2.6984126984126986,1.528926593428448,-0.545327414060548,0.477952874617252,2.7665785714285733,1.5744071054833233,0.21436679838783995,0.7524658765863772,254.50646031746032,82.59492675354241,-0.5977395410674545,0.548376619944999,0.984375,1.0000171661376953,0.002090956550091505,1.0230478048324585,0.06833887845277786
117,2.1089427119629853,0.984375,0.9098278686167702,0.6436287339882796,0.028059520890878226,0.4406565725803375,1.5,1.0,63,0.984375,41,0.6507936507936508,0.8936293888005324,33.41714285714285,22.74823854534895,-0.6383003117172765,0.38916322408778153,2.3333333333333335,1.1952286093343938,-0.659453712048372,0.37363661022806877,2.8052714285714306,1.8928961289976152,0.2328595087968759,0.904683255069467,242.675873015873,95.2656804503407,-0.6762869498661485,0.6325021874285713,0.984375,1.0003207921981812,0.002046035835519433,1.0230478048324585,0.056010652333498
118,2.123982100108967,0.984375,0.9338488701790099,0.6464777827415236,0.020300508200371707,0.31223613023757935,1.5,1.0,63,0.984375,47,0.746031746031746,0.8932151836823324,36.324444444444445,27.705345010515135,-0.5885639395206196,0.47396642897262226,2.3968253968253967,1.7415526965643495,-0.6396056602244027,0.54442124376543,2.7691358730158746,1.7147290906170485,0.2155890249478463,0.8195308086361948,248.91774603174605,93.64327044100868,-0.6348449707869244,0.6217304396705376,0.984375,0.999345600605011,0.0057053943164646626,1.0230478048324585,0.05487068369984627
119,2.1104311144915924,1.0,0.9139902358874679,0.6352667778263608,0.015592253855676187,0.34873947501182556,1.5,0.984375,64,0.984375,49,0.765625,0.8938661038073227,34.44859375,31.17019318732178,-0.6206548683502084,0.5332409738905818,2.21875,1.6053499423801654,-0.6952732430744418,0.5018433344184929,2.8088407812500016,1.8057349197732366,0.23456543103437896,0.8630257730402452,252.25621875,98.93263839026231,-0.6126796822277675,0.6568484043163834,1.0,0.9984632730484009,0.0010209290776401758,0.9999999403953552,0.05980001389980316
