step,reward_mean,valid_frac,c_mean,qed_mean,tox_mean,undersized_frac,alerts_mean,n_rankable,d_var,d_loss,w_C,unique,n_valid,unique_smiles_frac,n_scaffolds,scaffold_frac,tanimoto_dist,tpsa_mean,tpsa_sd,tpsa_drift_sd,tpsa_spread_ratio,hba_mean,hba_sd,hba_drift_sd,hba_spread_ratio,logp_mean,logp_sd,logp_drift_sd,logp_spread_ratio,mw_mean,mw_sd,mw_drift_sd,mw_spread_ratio,rdkit_valid_frac,ratio_mean,clip_frac,adv_std,kl
0,0.6145848013743498,0.859375,0.8276098302819512,0.5793052315883641,0.0,0.09375,0.5090909090909093,55,0.010917487972520085,0.7330233454704285,0.2,1.0,61,0.953125,52,0.8524590163934426,0.9177970980581669,60.99459016393443,39.97796026311557,-0.16652187996629664,0.6839189714593621,4.049180327868853,2.5442073680060524,-0.12306824595306781,0.7953365651349653,2.2843888524590175,1.7506871521852656,-0.016089040068237782,0.8367164617141318,300.7862950819673,117.04088517915226,-0.29047152404381904,0.7770753911003563,0.953125,0.9916796684265137,0.03193209320306778,1.1611262559890747,0.003120807930827141
1,0.5935442161470992,0.875,0.8488067356603486,0.4772112300504845,0.0,0.109375,0.767857142857143,56,0.003772778626901123,0.7073754072189331,0.21300000000000002,1.0,63,0.984375,48,0.7619047619047619,0.9191453219273313,55.53349206349207,34.06072188176698,-0.2599470715296379,0.5826904054940909,3.5396825396825395,1.8415434936219905,-0.2823407273929535,0.5756790484856711,2.2124504761904773,1.6679715927060568,-0.05047098179765478,0.7971837158607342,280.75263492063493,117.55624536288626,-0.423482003939027,0.7804970476925774,0.984375,0.997282087802887,0.030167141929268837,1.1478067636489868,0.005133441649377346
2,0.616865151535491,0.875,0.8490013565335955,0.5479400690859009,0.0,0.109375,0.6071428571428572,56,0.0038073741823655377,0.6839823722839355,0.226,1.0,63,0.984375,53,0.8412698412698413,0.9170783059270738,58.7963492063492,35.754207979747044,-0.20412806809687567,0.6116615501620153,3.857142857142857,2.356060357495806,-0.18310046827310647,0.7365205271966319,2.105932380952382,1.9399672859487804,-0.10137981701981226,0.9271802568003631,285.08068253968264,114.55916036784204,-0.3947465813461062,0.7605983516845961,0.984375,0.9978421330451965,0.0016891892300918698,1.1478065252304077,0.00748697342351079
3,0.655878695382456,0.9375,0.8697015881538391,0.562107951154211,0.0,0.046875,0.7000000000000002,60,0.003819140660223057,0.6765022873878479,0.23900000000000002,1.0,63,0.984375,52,0.8253968253968254,0.9141263746878409,55.211904761904755,30.15090895242789,-0.2654485942458658,0.5158036704122316,3.9047619047619047,1.687623347301843,-0.16821442940512948,0.527562561591256,2.4809898412698432,1.965274856047136,0.07787365539220488,0.9392756563015514,301.61684126984136,90.83110225328241,-0.28495723728170813,0.6030594710515595,0.984375,0.9993236660957336,0.0012733446201309562,1.0837910175323486,0.010709895752370358
4,0.6853778590267472,0.9375,0.8711241111159325,0.5865390210283847,0.0,0.046875,0.46666666666666673,60,0.003840847790694774,0.6510738134384155,0.252,1.0,63,0.984375,57,0.9047619047619048,0.9096304401072813,51.56984126984126,32.14520460877305,-0.3277548325103499,0.5499208846246798,3.5396825396825395,2.202634763009734,-0.2823407273929535,0.6885586405765265,2.556230793650795,1.6837168772682027,0.11383401722704703,0.8047089546054615,284.06815873015876,107.89218744789764,-0.4014690812151036,0.7163339855932835,0.984375,0.9976205229759216,0.0055626872926950455,1.0837910175323486,0.01825854741036892
5,0.7047186310565174,0.953125,0.8804963846675685,0.6641253182258264,0.0,0.046875,0.5409836065573773,61,3.417016420710411e-06,0.6761042475700378,0.265,1.0,64,1.0,56,0.875,0.9050785512285402,47.7103125,30.2369360204096,-0.39378133634433876,0.5172753699052646,3.1875,1.919269066598011,-0.3924353898540337,0.5999765923931645,2.8282870312500012,1.3697091577271074,0.2438594944958593,0.6546333527382784,272.74017187500004,78.25474816036625,-0.47667954978237415,0.519560655570026,1.0,0.9993998408317566,0.0009199631749652326,1.0648608207702637,0.024696214124560356
6,0.6747246886271451,0.953125,0.8668544849411386,0.5387275014028053,0.0,0.03125,0.6229508196721313,61,0.0038514491702233383,0.6033904552459717,0.278,1.0,63,0.984375,50,0.7936507936507936,0.9112742287997561,54.47365079365079,36.788015659933535,-0.2780782004419048,0.6293473120334698,3.6984126984126986,2.4665052755111763,-0.23272059783302992,0.771046361385926,2.2166617460317477,1.6132097172127542,-0.048458264221865825,0.7710110426664449,281.57538095238095,104.81504979610348,-0.41801950514284403,0.6959037919854903,0.984375,0.9974883198738098,0.0013837638543918729,1.0648607015609741,0.026227502152323723
7,0.6797976221941422,0.9375,0.8425303076704344,0.5545154100111137,0.0,0.046875,0.4833333333333334,60,0.0038458252415009275,0.6373202800750732,0.29100000000000004,1.0,63,0.984375,59,0.9365079365079365,0.9094987158160428,48.26238095238096,36.04533999840905,-0.3843368803079987,0.6166420621604203,3.492063492063492,2.3696025778432,-0.29722676626093053,0.7407539175840822,3.1037734920634943,1.8856347350522131,0.3755243990188016,0.901212773298052,309.85522222222227,105.45281700820755,-0.23025974340334296,0.7001381516711519,0.984375,0.9986935257911682,0.002931323368102312,1.0837910175323486,0.03706715628504753
8,0.6707442334346867,0.90625,0.875661736418461,0.5827208884702268,0.0,0.078125,0.46551724137931044,58,0.00381274779380571,0.6082648038864136,0.30400000000000005,1.0,63,0.984375,51,0.8095238095238095,0.9074234811479028,41.44063492063493,29.80698580486593,-0.5010392207696562,0.5099200394367249,2.8412698412698414,1.928946988058833,-0.5006692974566168,0.603001976608732,3.0279436507936524,1.7974230475978332,0.3392825859681669,0.8590532298773262,276.3859047619048,101.54521773874923,-0.4524742534485119,0.6741942327924637,0.984375,0.9969950318336487,0.0036596523132175207,1.1180338859558105,0.04224802181124687
9,0.6551844042756122,0.875,0.8820443674921989,0.6388109419673648,0.0,0.125,0.44642857142857145,56,4.920791843462599e-05,0.5722127556800842,0.317,1.0,64,1.0,54,0.84375,0.9173841285911625,32.763437499999995,18.91553909973474,-0.6494835109738705,0.32359570024450635,2.5,1.334634781503914,-0.6073525760104523,0.41721592987244766,2.852086562500002,1.6579867040472804,0.25523414790158,0.7924115778469535,246.31907812500003,95.39706260681997,-0.6520984363334605,0.6333744795380634,1.0,0.9985374808311462,0.007223942317068577,1.1478067636489868,0.03866724669933319
10,0.6261260339273228,0.859375,0.8833090722560882,0.6112091903096434,0.0,0.140625,0.5454545454545455,55,7.570873129401716e-05,0.5838253498077393,0.33,0.984375,64,0.984375,54,0.84375,0.916970560592937,34.812968749999996,21.307765873010325,-0.6144213593471135,0.36452048138662163,2.65625,1.416628369580392,-0.5585077609749026,0.4428476843921061,2.6812021875000016,1.7150106198099317,0.1735623486690577,0.8196653615800743,241.709296875,88.23916293617872,-0.6827043870851807,0.5858506789660952,1.0,0.997643768787384,0.004296455532312393,1.1611262559890747,0.04165445268154144
11,0.6754411436848762,0.921875,0.8729116659043199,0.5895602531156822,0.0,0.078125,0.5254237288135594,59,0.00020680441743104513,0.5639796853065491,0.343,1.0,64,1.0,46,0.71875,0.9097967359319394,40.19171875,26.80697294750749,-0.5224049297062291,0.45859761842610514,2.609375,1.4960070552557565,-0.5731612054855676,0.46766200259740665,2.565000937500001,1.6373065270167422,0.1180255849329458,0.7825277762031161,249.65454687500002,90.94344603308592,-0.6299530921706762,0.603805360716482,1.0,0.9982478618621826,0.007220216561108828,1.1014958620071411,0.0352708138525486
12,0.7025457023722492,0.953125,0.8377839663966757,0.628951990532381,0.0,0.046875,0.459016393442623,61,0.0003144677108409882,0.559852123260498,0.356,1.0,64,1.0,59,0.921875,0.9139840997140073,44.294375,28.804571895957334,-0.4522191467327019,0.49277134337906625,3.390625,1.6164891306083689,-0.3289371303078191,0.5053255205858708,2.3431595312500013,1.8408356902584957,0.011999584646434209,0.879801695824168,259.940328125,76.47873514702773,-0.561662191299737,0.5077690837203526,1.0,0.9996428489685059,0.001962708542123437,1.0648608207702637,0.031022831797599792
13,0.7178519212379062,0.96875,0.8419529639424816,0.6442376557621021,0.0,0.03125,0.40322580645161293,62,0.0005067402622479058,0.5476236343383789,0.369,1.0,64,1.0,60,0.9375,0.9061368479777487,47.08859375,32.14024336147692,-0.40441732790665225,0.5498360105809419,3.3125,1.8275239396516807,-0.353359537825594,0.5712964403540827,2.8259059375000017,1.5948012137937053,0.2427214840095069,0.7622129556827066,281.4811406250001,87.57439945409764,-0.4186451996524577,0.5814370815976484,1.0,0.9982789158821106,0.005749668460339308,1.0446385145187378,0.0328662171959877
14,0.6873736241692407,0.921875,0.8868246467436774,0.6241340464960442,0.0,0.078125,0.3559322033898305,59,0.0009233625188565511,0.5364752411842346,0.382,1.0,64,1.0,50,0.78125,0.9068281364791924,44.0803125,29.726693968171837,-0.45588119962045504,0.508546454841438,3.03125,1.8537862437454864,-0.4412802048895834,0.5795062156236461,2.936708125000002,1.721187126110091,0.2956778412658346,0.8226173364607795,281.10506250000003,93.29300493821793,-0.4211421139198214,0.6194049044342529,1.0,0.9983338713645935,0.0037523452192544937,1.1014958620071411,0.033611591905355453
15,0.704150731348083,0.953125,0.8888883107021207,0.6543285952047594,0.0,0.046875,0.4426229508196721,61,0.0013987042052605514,0.5056808590888977,0.395,1.0,64,1.0,56,0.875,0.9133256530714279,39.8328125,29.304159925936172,-0.5285448826136515,0.501317995818755,2.84375,1.6222934190521763,-0.499893982932243,0.5071399807167556,2.6347101562500015,1.5667946602493632,0.15134213197480373,0.7488276147569,258.318921875,72.0074848319397,-0.5724272747483348,0.4780828883196063,1.0,0.9982048273086548,0.0,1.0648607015609741,0.03753857687115669
16,0.7048445140631481,0.953125,0.8542318723973681,0.6471235629916635,0.0,0.046875,0.4098360655737705,61,0.0022418691949557317,0.5782626867294312,0.40800000000000003,1.0,64,1.0,51,0.796875,0.9042766022040664,38.666250000000005,23.385651149529707,-0.5485017343362533,0.400067696696624,2.78125,1.4627537173085563,-0.519431908946463,0.4572667824927947,2.837198281250002,1.6525472547844096,0.24811850191482818,0.789811869078187,268.37978125000006,76.50774882987118,-0.5056297089091246,0.5079617157130816,1.0,0.9992188215255737,0.013018322177231312,1.0648608207702637,0.036019716411828995
17,0.6900929631794082,0.9375,0.8804642493526141,0.6557194778475608,0.0,0.015625,0.43333333333333335,60,0.010932755142350814,0.5557337999343872,0.42100000000000004,1.0,61,0.953125,55,0.9016393442622951,0.9017559256026355,40.17934426229507,23.829415412768107,-0.5226166250215427,0.4076593496095527,2.9672131147540983,1.366666557420743,-0.46129857170743166,0.42722928135992094,2.996050983606559,1.7683722648908244,0.3240399313281864,0.8451688142144287,281.2047704918033,82.54382668468075,-0.4204801176728881,0.5480373487071307,0.953125,0.9985146522521973,0.0018281536176800728,1.0837910175323486,0.04300787299871445
18,0.6942355278706009,0.921875,0.899297245478226,0.6828064489693714,0.0,0.078125,0.2711864406779661,59,0.004134253659897355,0.5066273808479309,0.434,1.0,64,1.0,51,0.796875,0.9034387952965415,35.2,22.084254854986618,-0.6078002608048036,0.3778041892698554,2.640625,1.229420436374392,-0.5633922424784576,0.38432520842004453,3.0435909375000016,1.6427219646022349,0.34676098800705824,0.7851160089261991,267.09034375000005,86.04747198516698,-0.514190735665529,0.5712992758361407,1.0,0.9981030225753784,0.007494145072996616,1.1014959812164307,0.04701035097241402
19,0.6538388998287407,0.90625,0.8348764396947006,0.6012708983424416,0.0,0.09375,0.3620689655172414,58,0.004353450474099895,0.44398951530456543,0.44700000000000006,1.0,64,1.0,50,0.78125,0.8994313199729157,41.78640625,26.51293589735888,-0.49512397220812127,0.4535674088910249,3.0,1.5811388300841898,-0.45104916789669336,0.4942747756863211,2.6154996875000016,1.8830663444673248,0.14216075686714613,0.8999852469065976,266.515125,91.59338651079364,-0.5180098142246183,0.608120542972098,1.0,0.9975482821464539,0.0038443056400865316,1.1180338859558105,0.05334136262536049
20,0.6897457025901126,0.9375,0.896271143356959,0.6492269952561939,0.0,0.0625,0.38333333333333336,60,0.0071328010855673625,0.4637352228164673,0.46,1.0,64,1.0,52,0.8125,0.8926270607386726,38.61140625,25.32174965982724,-0.5494399683242835,0.433189309032318,2.75,1.7320508075688772,-0.5292008719535729,0.5414508884984082,2.8753740625000015,1.7507439027504499,0.26636408312606913,0.8367435848537755,272.385078125,98.67310450711496,-0.479037141441359,0.6551252680512926,1.0,0.9988045692443848,0.017917675897479057,1.0837911367416382,0.048307571560144424
21,0.7072500052795172,0.96875,0.8574763334566547,0.6843653327278278,0.0,0.03125,0.3870967741935484,62,0.012237423332840891,0.5421261191368103,0.47300000000000003,1.0,64,1.0,57,0.890625,0.8956866780402103,42.76140625,27.499374019420166,-0.47844425686536274,0.47044280076715567,2.828125,1.3642155197676795,-0.504778464435798,0.42646307028274294,2.7554690625000013,1.5157257270237332,0.20905716383063574,0.7244199317172849,272.61962500000004,64.12903917066845,-0.4774799026666946,0.42577513078578205,1.0,0.9994165897369385,0.0,1.0446385145187378,0.04683828353881836
22,0.6603659254678166,0.921875,0.8663151185896437,0.6483242743150549,0.0,0.078125,0.4067796610169491,59,0.009416413434459207,0.42734917998313904,0.48600000000000004,1.0,64,1.0,55,0.859375,0.9027072318988186,45.386875,24.58692804844426,-0.4335293118486366,0.42061842153942036,3.09375,1.5074683868990422,-0.42174227887536353,0.4712448929921419,2.6015514062500014,1.7211324945465312,0.13549437074560183,0.8225912260683529,264.755859375,90.85539761962883,-0.5296901943029451,0.6032207764900538,1.0,0.9986885786056519,0.0029761905316263437,1.1014959812164307,0.05577529966831207
23,0.6869349717574847,0.9375,0.864977381626765,0.6305822476279287,0.0,0.03125,0.26666666666666666,60,0.01905071552102143,0.5046754479408264,0.49900000000000005,1.0,62,0.96875,54,0.8709677419354839,0.901484276340584,44.47354838709678,27.866540237860598,-0.4491539558672946,0.47672406026157976,3.064516129032258,1.4905180712448929,-0.4308809862045954,0.4659461087814468,2.9930422580645177,1.5774974713045742,0.3226019529968418,0.7539428737483953,285.0802096774194,81.56363284065834,-0.39474972084413346,0.5415294987918471,0.96875,0.9996111392974854,0.0,1.0837910175323486,0.04541673883795738
24,0.6479752056858783,0.90625,0.8816432336281086,0.6262788096905618,0.0,0.0625,0.3965517241379311,58,0.018944196229646264,0.43750035762786865,0.512,1.0,62,0.96875,48,0.7741935483870968,0.9073482946490806,39.83483870967743,25.982686961670826,-0.5285102194335037,0.4444962280622276,2.967741935483871,1.5130373418785255,-0.4611332587427423,0.47298578627799254,2.707239354838711,1.621661967645929,0.1860064489764769,0.7750506776561347,272.5399677419355,79.32010329324198,-0.4780087750762779,0.5266339210812445,0.96875,0.9976930618286133,0.0,1.1180338859558105,0.04074123129248619
25,0.7228140188390575,0.984375,0.8741768958076598,0.6304992836713251,0.0,0.015625,0.25396825396825395,63,0.01651152727481018,0.4776301383972168,0.525,1.0,64,1.0,55,0.859375,0.8969699289068956,45.80531250000001,27.817630648607437,-0.42637093401403603,0.4758873443371962,3.328125,1.649381394455206,-0.348475056322039,0.515607866465546,2.8958959375000015,1.445946219388795,0.27617222652639417,0.6910697910850304,284.37318750000003,76.02438864680929,-0.3994438884778952,0.5047525183226123,1.0,0.9978079795837402,0.0093764653429389,1.0230478048324585,0.04018941521644592
26,0.6701835849429157,0.921875,0.904701170779891,0.6916777997878987,0.0,0.078125,0.33898305084745767,59,0.02163216016008344,0.4515795409679413,0.538,1.0,64,1.0,56,0.875,0.8991199051178038,38.36453125,24.29310440547427,-0.5536633577860718,0.41559186284638266,2.734375,1.5128841196122722,-0.5340853534571278,0.47293788795316394,2.5944585937500007,1.2764401058753552,0.13210446012039703,0.6100567126713091,251.18120312500002,82.23086967366254,-0.6198170871265527,0.5459595176025357,1.0,0.9985747933387756,0.011375388130545616,1.1014961004257202,0.039845917373895645
27,0.6541908716625164,0.90625,0.8618735712150047,0.6457858289826341,0.0,0.0625,0.3448275862068966,58,0.026121512011266432,0.4860941469669342,0.551,1.0,62,0.96875,53,0.8548387096774194,0.9078461290054879,48.04790322580645,36.21126923758799,-0.38800603664299843,0.6194806800850821,3.161290322580645,1.8156448102542309,-0.40062871366644853,0.5675829435335912,2.105499032258066,1.6732770839117557,-0.10158692997299988,0.7997194012478959,265.29382258064516,91.83901478244672,-0.5261184683391126,0.6097513550166923,0.96875,0.9979926347732544,0.0028804608155041933,1.1180338859558105,0.04577338695526123
28,0.6959619474529972,0.921875,0.8634729501554521,0.6721842973221253,0.0,0.078125,0.2203389830508475,59,0.023119115483988532,0.5050482153892517,0.5640000000000001,1.0,64,1.0,50,0.78125,0.9048094110808622,41.7884375,26.23427256345397,-0.4950892228011572,0.44880020367461676,2.90625,1.5280578972997063,-0.4803560569180232,0.4776813142861769,2.4056559375000015,1.51271171099672,0.041868868739869634,0.7229794248725729,262.65821875000006,85.88822190488872,-0.5436171644088595,0.5702419588291344,1.0,1.0000741481781006,0.0019417476141825318,1.1014959812164307,0.03577649965882301
29,0.6750375284744983,0.921875,0.8613413021726123,0.629487690845403,0.0,0.0625,0.3050847457627119,59,0.027791359626055074,0.45350712537765503,0.577,1.0,63,0.984375,52,0.8253968253968254,0.9079444817651378,47.18619047619048,35.31446110682288,-0.4027477016387113,0.6041386243535607,3.365079365079365,2.3387799512497645,-0.3369228699088693,0.7311185544169386,2.3972812698412707,1.5484607650973952,0.03786631335314711,0.740065185751898,277.84995238095235,105.26208224484999,-0.4427539290129993,0.6988717968362099,0.984375,0.9996863603591919,0.008570140227675438,1.1014959812164307,0.04483940824866295
30,0.6556452759207811,0.875,0.8502945729664394,0.6580049785840425,0.0,0.078125,0.24999999999999994,56,0.04000593952883788,0.4903378486633301,0.5900000000000001,1.0,61,0.953125,49,0.8032786885245902,0.9106440258796339,46.06590163934427,26.793844985464094,-0.4219129312800086,0.45837303312362887,3.0491803278688523,1.5515854346198543,-0.43567506218058594,0.48503618282150246,2.22876180327869,1.5423621595764962,-0.042675210937010044,0.7371504424601183,255.9164098360656,78.43159249388681,-0.5883783928505311,0.5207347869808063,0.953125,0.9988281726837158,0.003350885584950447,1.1478067636489868,0.05339162424206734
31,0.7243045452548383,0.953125,0.8568059313492696,0.6761949247251751,0.0,0.046875,0.278688524590164,61,0.02707396621283189,0.566603422164917,0.603,1.0,64,1.0,54,0.84375,0.88815242243805,45.63890625,28.721560179005092,-0.4292177123537858,0.49135122870329495,2.984375,1.727463707107909,-0.45593364940024833,0.5400169296275892,2.6993379687500014,1.7655493272325167,0.1822300919028959,0.8438196306060665,273.65676562500005,84.43958552416014,-0.4705939631459509,0.5606239549974495,1.0,1.001168131828308,0.010238908231258392,1.0648608207702637,0.043169278651475906
32,0.6983522275641689,0.9375,0.8725918471813202,0.6890462281277728,0.0,0.0625,0.25,60,0.033536985611051756,0.4305613934993744,0.6160000000000001,1.0,64,1.0,52,0.8125,0.9024830667645787,40.85125000000001,35.121296668652484,-0.5111220645681227,0.600834082976098,2.8125,1.7488835724541527,-0.509662945939353,0.5467129255375005,2.4737742187500014,1.5696241906163855,0.07442504943406394,0.7501799492582713,258.79275,74.50591392026378,-0.5692813640267511,0.49467083327554345,1.0,0.9979813098907471,0.0024271844886243343,1.0837910175323486,0.05049232393503189
33,0.6866207775019433,0.9375,0.8807047426700592,0.6785766999152105,0.0,0.0625,0.31666666666666665,60,0.038273719699119926,0.4573405683040619,0.629,1.0,64,1.0,51,0.796875,0.8980137003878171,39.37703125,20.829965995508093,-0.5363421149301302,0.35634656759427075,2.59375,1.3313380252587996,-0.5780456869891225,0.4161853413987843,2.6568534375000015,1.7417938310458667,0.1619252038361092,0.8324660231435642,252.95132812500003,73.01777539515953,-0.6080646078577396,0.4847905608849441,1.0,0.9993790984153748,0.004149377811700106,1.0837911367416382,0.04873964563012123
34,0.7608811057740195,0.984375,0.8899198027830275,0.6789343882051327,0.0,0.015625,0.2063492063492063,63,0.04959983072464287,0.5308074951171875,0.6420000000000001,1.0,64,1.0,53,0.828125,0.8954037425151403,39.888281250000006,26.31875914596656,-0.5275959565004016,0.45024554946599366,2.84375,1.6883678324050124,-0.499893982932243,0.5277952927090866,2.8561214062500015,1.6277416196037426,0.25716254509228015,0.7779563623572793,275.41085937500003,77.1000705286779,-0.45894792095546755,0.511894346733882,1.0,0.9997593760490417,0.005248091649264097,1.0230478048324585,0.05252370238304138
35,0.7146849429820485,0.921875,0.8881177690069554,0.6666707683735433,0.0,0.078125,0.22033898305084745,59,0.04373166113172609,0.5158802270889282,0.655,1.0,64,1.0,47,0.734375,0.8894435023090835,42.5884375,26.642709733313424,-0.4814033025199195,0.4557875018578553,3.03125,1.5808299837427173,-0.4412802048895834,0.49417822821480994,2.6123495312500014,1.6194204869213935,0.14065518370516983,0.7739793932644644,264.08771875,76.88340121278392,-0.5341262137049444,0.510455803329754,1.0,0.9994244575500488,0.0019646366126835346,1.1014959812164307,0.04806572198867798
36,0.7508839660630477,0.984375,0.8757544784318834,0.6582889388953184,0.0,0.015625,0.2857142857142857,63,0.04883053262715511,0.5668112635612488,0.6679999999999999,1.0,64,1.0,56,0.875,0.8928586587141395,39.375468749999996,25.092164547030883,-0.5363688452431796,0.4292617045929556,2.796875,1.5730115175595505,-0.5145474274429079,0.4917341223935076,3.325890781250002,1.594972048346681,0.4816822536998541,0.7622946036701987,293.9285625,65.03679702240572,-0.33600241028102523,0.43180205280182304,1.0,1.0002856254577637,0.0008699434692971408,1.0230478048324585,0.049220114946365356
37,0.7337574476151714,0.96875,0.9024386242512734,0.695576815441406,0.0,0.03125,0.2580645161290323,62,0.04804421307248114,0.44283726811408997,0.681,1.0,64,1.0,53,0.828125,0.8880012494574419,39.176874999999995,28.568390961154517,-0.5397662680317447,0.4887309015719918,2.859375,1.7218012688388287,-0.49500950142868805,0.5382468128282071,3.095535625000002,1.4884127463413797,0.3715872255650335,0.7113660742494449,279.1354375000001,71.24992944467455,-0.4342191434967357,0.47305321302333553,1.0,0.9989742636680603,0.0,1.0446386337280273,0.052649203687906265
38,0.6386237035702829,0.875,0.8658314528209823,0.6437968155174489,0.0,0.109375,0.37500000000000006,56,0.0498787271263726,0.49769705533981323,0.6940000000000001,1.0,63,0.984375,51,0.8095238095238095,0.9108454465576373,47.48507936507938,30.52359809830285,-0.39763448975585985,0.5221794128373907,3.0952380952380953,1.6399214626402445,-0.4212770901607392,0.5126506272991415,2.6907995238095253,1.8383755290338732,0.17814926145285323,0.8786258961431439,280.8320634920636,104.1984681456534,-0.4229546498600401,0.6918100906568015,0.984375,0.9979791641235352,0.0004380201571621001,1.1478067636489868,0.04650301858782768
39,0.6837816525086646,0.953125,0.9097455827916254,0.6327857723550312,0.0,0.046875,0.36065573770491804,61,0.04300932002813888,0.4522738754749298,0.7070000000000001,1.0,64,1.0,51,0.796875,0.9111626489862502,41.70171875,26.260777165925585,-0.49657275517539295,0.4492536285202573,2.90625,1.4439393815184902,-0.4803560569180232,0.45138529288202667,2.874324375000002,1.5805362273893753,0.26586239965292036,0.7553952047580297,279.116390625,74.35407773968616,-0.4343456023646541,0.4936627397428866,1.0,0.9998535513877869,0.003476749174296856,1.0648608207702637,0.052307795733213425
40,0.7190150686364498,0.96875,0.8808655729216914,0.6143601027305808,0.0,0.015625,0.27419354838709675,62,0.036318746026292814,0.47692689299583435,0.72,1.0,63,0.984375,56,0.8888888888888888,0.8955533138757225,37.4047619047619,26.52665343392619,-0.5700825162202022,0.45380208028091884,2.7301587301587302,1.460662485120932,-0.5354033881485633,0.456613049056629,3.4603963492063503,1.6219540229585547,0.545967310433609,0.7751902614118616,297.090396825397,84.91889589962176,-0.315009885820521,0.5638062642981712,0.984375,0.9979016184806824,0.018313458189368248,1.0446385145187378,0.049002453684806824
41,0.7270922864186551,0.984375,0.8507442147958846,0.6806270487510802,0.0,0.015625,0.3015873015873016,63,0.03647464200450446,0.4578785300254822,0.7330000000000001,1.0,64,1.0,57,0.890625,0.8992672245681319,44.493281249999995,28.798410929179727,-0.44881637788152706,0.49266594525384916,3.125,1.5258194519667128,-0.4119733158682536,0.4769815610173304,2.6553196875000014,1.3462432529217763,0.16119216945497933,0.6434181514299641,283.358421875,78.34112510596786,-0.40618127254428443,0.5201341423364896,1.0,0.9986518621444702,0.006953498348593712,1.0230478048324585,0.04678186774253845
42,0.6874626791707664,0.953125,0.8865109237491108,0.6727563294049986,0.0,0.046875,0.3770491803278689,61,0.03675509078471767,0.379159152507782,0.746,1.0,64,1.0,51,0.796875,0.9042281311920711,36.84375,23.16891522735797,-0.579679971476948,0.39635990850547037,2.5,1.2374368670764582,-0.6073525760104523,0.38683119929932597,2.961185781250002,1.6623826606559018,0.30737659503973996,0.7945125638825358,268.999859375,77.13559501048044,-0.5015127932624293,0.5121302061991286,1.0,0.9992951154708862,0.005808325484395027,1.0648608207702637,0.045510776340961456
43,0.711840716007355,0.96875,0.8798725571363203,0.6395202080323398,0.0,0.03125,0.3225806451612903,62,0.039889087845314856,0.5135237574577332,0.7590000000000001,1.0,64,1.0,54,0.84375,0.8915313332842505,36.02015625,23.401256075541884,-0.5937695194852302,0.40033465641337057,2.90625,1.4221325316228441,-0.4803560569180232,0.4445683229641974,3.034720156250002,1.4860917967351204,0.342521322061675,0.7102568088161879,280.70670312500005,63.487234179075294,-0.4237869612024849,0.42151396286921156,1.0,0.999150812625885,0.0023041474632918835,1.0446385145187378,0.04682004451751709
44,0.6785811743242431,0.9375,0.8842807610829672,0.6654844304599082,0.0,0.0625,0.26666666666666666,60,0.03805198364456695,0.4568055272102356,0.772,1.0,64,1.0,59,0.921875,0.8951331386099168,37.58203125,21.652079012453367,-0.5670498985611574,0.37041078410937184,2.84375,1.277433339748106,-0.499893982932243,0.3993343692815407,2.7640307812500016,1.6907001669161603,0.21314911767273126,0.8080465203139153,271.90321875,74.19408493405761,-0.4822363744419497,0.4926004915223888,1.0,0.9992721080780029,0.0018509948858991265,1.0837911367416382,0.04402298480272293
45,0.673256571129188,0.9375,0.8936400766173999,0.6690899681518618,0.0,0.046875,0.38333333333333336,60,0.03391372267878351,0.4482165277004242,0.7850000000000001,1.0,63,0.984375,57,0.9047619047619048,0.9059484126353579,44.96142857142857,27.368841677801793,-0.44080759423034405,0.46820973174026526,3.1587301587301586,1.6154644445577047,-0.4014290383367699,0.5050051967419399,2.4443668253968274,1.8257887453631347,0.06037019669581781,0.8726102187651523,276.1245873015873,78.5508296306981,-0.4542092315065359,0.5215264440549945,0.984375,0.9976168274879456,0.0059279524721205235,1.0837910175323486,0.04445693641901016
46,0.6759866613618717,0.921875,0.8863576882976597,0.6651131163888692,0.0,0.0625,0.3050847457627119,59,0.03775165515914872,0.45879843831062317,0.798,1.0,63,0.984375,55,0.873015873015873,0.9020845034096963,46.07476190476191,23.653122405857655,-0.42176135517228813,0.40464343456115753,3.1587301587301586,1.6446773139033168,-0.4014290383367699,0.5141373388209421,2.6053752380952386,1.6062821842891213,0.13732191774492897,0.7677001251052833,283.49987301587305,92.8746231891337,-0.40524212892411027,0.6166271216039091,0.984375,0.9993647933006287,0.003155996324494481,1.1014959812164307,0.041333526372909546
47,0.6647377337886662,0.953125,0.8591541960591176,0.6288627756924599,0.0,0.015625,0.4262295081967214,61,0.03412037525067351,0.41421085596084595,0.8109999999999999,1.0,62,0.96875,56,0.9032258064516129,0.897531786725259,50.32983870967743,35.02813562634838,-0.34896805274401604,0.5992403397282342,3.596774193548387,2.090374850003601,-0.2644934872447875,0.6534654265817013,3.061253709677421,1.5192490772282283,0.3552026631640992,0.7261038677151044,317.530935483871,95.04172019135245,-0.17929799720978004,0.6310152369020281,0.96875,0.9981468319892883,0.005579912103712559,1.0648608207702637,0.04413369670510292
48,0.6931537433695067,0.953125,0.8861082762968345,0.6142241894345712,0.0,0.046875,0.39344262295081966,61,0.03511462308765151,0.5371271371841431,0.8240000000000001,1.0,64,1.0,57,0.890625,0.8961997802239238,48.331875,31.390835489587957,-0.3831480178133303,0.5370155900899364,3.15625,1.7959916306876265,-0.40220435286114364,0.5614392256405273,2.7937920312500015,1.770469218209877,0.22737309125082403,0.8461710237521564,291.423625,82.4582777516341,-0.35263356685947156,0.5474693594057538,1.0,1.000023603439331,0.008729812689125538,1.0648608207702637,0.051054202020168304
49,0.6736308278635759,0.953125,0.8719475536805684,0.6356530781088507,0.0,0.046875,0.4262295081967213,61,0.036884101490007856,0.4526771605014801,0.837,1.0,64,1.0,57,0.890625,0.9037039977020725,42.9359375,33.50502209178639,-0.4754584808977568,0.5731838267116222,3.09375,1.9741988090108857,-0.42174227887536353,0.6171480042850509,2.999579375000002,1.6829350761494004,0.325726276691822,0.8043353036849805,289.37165625000006,94.66137259169841,-0.3662573054059735,0.628489976098482,1.0,0.9990707039833069,0.0012658227933570743,1.0648607015609741,0.04929494112730026
50,0.6794388392199477,0.953125,0.8785538004070031,0.6276107658828046,0.0,0.046875,0.39344262295081966,61,0.04316771133201275,0.5149121284484863,0.8500000000000001,1.0,64,1.0,61,0.953125,0.899150538502202,37.70828125,24.54674956554123,-0.5648900892667745,0.4199310721468804,2.8125,1.539835624344365,-0.509662945939353,0.48136311204000437,3.259887968750002,1.8578325203641053,0.45013713173488934,0.8879250932733183,287.94875,75.29619159193915,-0.3757044778963852,0.49991776326804155,1.0,0.9989264607429504,0.00438788952305913,1.0648608207702637,0.05372718721628189
51,0.6794083229633684,0.921875,0.8924235474255126,0.6727060898696462,0.0,0.078125,0.28813559322033905,59,0.028330762726680146,0.49211278557777405,0.863,1.0,64,1.0,53,0.828125,0.8977957661094755,43.181250000000006,25.862563587403706,-0.47126182174901776,0.4424412294070612,3.0,1.695582495781317,-0.45104916789669336,0.5300506456573065,2.678481875000001,1.7333724599406974,0.17226221332110814,0.8284411464972123,278.9775000000001,91.09694455770739,-0.43526774582398275,0.6048244911329256,1.0,0.998601496219635,0.008433200418949127,1.1014961004257202,0.04817580059170723
52,0.7119366797083665,0.984375,0.838907199956122,0.6259099910812033,0.0,0.015625,0.33333333333333337,63,0.0357526003963866,0.5554720759391785,0.8760000000000001,1.0,64,1.0,56,0.875,0.896646898301619,49.28734375,31.75635975882368,-0.36680243138368795,0.5432687601019587,3.109375,1.7149816644428009,-0.41685779737180856,0.5361149580100336,2.9984296875000025,2.019252318034428,0.32517679961599166,0.9650734300213968,309.32810937500005,80.19700511691458,-0.2337594300408991,0.532455979129968,1.0,0.9995062351226807,0.00279999990016222,1.0230478048324585,0.04324287548661232
53,0.6900014392432724,0.96875,0.8315636776387691,0.6592761346685051,0.0,0.03125,0.37096774193548393,62,0.04127451340947626,0.502078115940094,0.889,1.0,64,1.0,57,0.890625,0.9006882831007315,50.59875,37.14395734419664,-0.3443676796414167,0.6354365489279628,3.3125,2.1130176880471208,-0.353359537825594,0.6605437320928412,2.822802031250002,1.8244593353718705,0.2412380153887711,0.8719748458359173,306.69203125000007,86.98897859031646,-0.251261275116831,0.5775502676352904,1.0,0.9999011158943176,0.0008525149314664304,1.0446385145187378,0.04210250824689865
54,0.6880783130219476,0.9375,0.9039178331693013,0.637569823212951,0.0,0.03125,0.33333333333333337,60,0.039787928465225705,0.39930278062820435,0.9020000000000001,1.0,62,0.96875,53,0.8548387096774194,0.8883198419529901,50.8674193548387,32.48063566712127,-0.3397714454259992,0.555659238030186,3.4838709677419355,1.7296460152844533,-0.2997878052059588,0.5406991340386859,2.729920645161292,1.51589772462677,0.196846654756323,0.7245021355683022,300.83687096774196,89.29573888877923,-0.290135733040885,0.592865656427497,0.96875,0.9982483983039856,0.006260434165596962,1.0837910175323486,0.04164093732833862
55,0.7205443797267657,0.96875,0.8821332618113487,0.6572724409561346,0.0,0.03125,0.29032258064516125,62,0.023953906986675946,0.4606162905693054,0.915,1.0,64,1.0,52,0.8125,0.8911894977818304,43.892812500000005,29.994301253985626,-0.45908883718637,0.5131245198168455,3.015625,1.7721119770982308,-0.4461646863931384,0.5539742831593303,2.7434751562500015,1.6172098951086964,0.20332484393150116,0.7729228717965908,276.59953125000004,88.3405935644058,-0.4510559124428717,0.586524112399023,1.0,0.9982396364212036,0.012032085098326206,1.0446385145187378,0.04351996257901192
56,0.6724291712131696,0.890625,0.8786146457780871,0.622555125764264,0.0,0.109375,0.1929824561403509,57,0.027280686061621442,0.5144413709640503,0.9280000000000002,1.0,64,1.0,49,0.765625,0.8993245359118647,45.718593750000004,33.793625039864565,-0.4278544663882718,0.5781210728870323,3.25,1.9121323175972944,-0.37289746383981387,0.5977455960098356,2.5068532812500015,1.6453317004996055,0.09023472513612893,0.7863632957320289,272.43667187500006,95.80628500261203,-0.47869459248166635,0.6360914502169026,1.0,0.9978414177894592,0.0014326648088172078,1.133455753326416,0.047001250088214874
57,0.6666428749349304,0.90625,0.8825661498924782,0.6616741317197536,0.0,0.046875,0.4482758620689655,58,0.03304724839100297,0.5293701887130737,0.9410000000000001,1.0,61,0.953125,49,0.8032786885245902,0.9002519538179673,46.20147540983606,29.900884127290578,-0.4195936165110368,0.5115263956307821,3.0,1.5576358715042233,-0.45104916789669336,0.4869275906327106,2.863159508196723,1.675996063457785,0.2605263075730257,0.8010188995291205,281.6704426229509,85.62632806609649,-0.4173883574483978,0.5685031539927327,0.953125,0.9991146326065063,0.01150442473590374,1.1180340051651,0.043909065425395966
58,0.7041504663404501,0.9375,0.8927601277828217,0.6867938443197642,0.0,0.0625,0.3166666666666667,60,0.0255561418467585,0.46250465512275696,0.954,1.0,64,1.0,44,0.6875,0.8865124598806697,41.0571875,22.878814946142725,-0.5075990093082261,0.3913970468526247,3.0,1.6298006013006623,-0.45104916789669336,0.5094867770582945,2.8047735937500016,1.3488629905015932,0.2326215756003112,0.6446702184001636,275.607328125,77.23641079828681,-0.4576434961767971,0.5127995574913613,1.0,0.998667299747467,0.0033269962295889854,1.0837911367416382,0.048802927136421204
59,0.7141970557595891,0.9375,0.9156838456789652,0.6490188406730902,0.0,0.0625,0.2833333333333333,60,0.03902747159643318,0.44758719205856323,0.9670000000000001,1.0,64,1.0,54,0.84375,0.8946118180386747,43.557812500000004,30.540540908190277,-0.4648198163041383,0.5224692602692151,3.046875,1.5454538926719878,-0.43639572338602844,0.48311942101461447,2.8518412500000014,1.6172260862406318,0.2551169042200013,0.7729306101218577,280.8555625,76.48269005240564,-0.4227986317236878,0.5077953417210385,1.0,0.9996591210365295,0.0,1.0837910175323486,0.05453106388449669
60,0.7203548881282945,0.96875,0.8511745408177376,0.6480929411601494,0.0,0.03125,0.35483870967741943,62,0.034235426322020326,0.5275772213935852,0.98,1.0,64,1.0,56,0.875,0.8987156524174579,47.16875,29.915395310149254,-0.4030460628472235,0.5117746442455199,3.1875,1.9911915402592488,-0.3924353898540337,0.6224600478996115,3.162393125000002,1.7827254707459839,0.4035408334779182,0.8520287283929231,304.17015625000005,84.5994723170266,-0.2680048856844679,0.5616854993621244,1.0,0.9984766244888306,0.0016286644386127591,1.0446385145187378,0.04655465856194496
61,0.7142849236592378,0.953125,0.9024993098172985,0.6531175877308342,0.0,0.046875,0.39344262295081966,61,0.030394222613587003,0.3897756040096283,0.9930000000000001,1.0,64,1.0,50,0.78125,0.891251269321481,38.29046875,28.12615677786024,-0.5549303746246081,0.4811654243492371,2.796875,1.4596627125384138,-0.5145474274429079,0.45630051333265637,3.004000312500002,1.4706562371958416,0.3278392019953761,0.7028795988182954,285.409625,91.19280357272244,-0.39256261725006086,0.6054609326761461,1.0,0.9971795678138733,0.012658228166401386,1.0648607015609741,0.05504719913005829
62,0.6939656811569312,0.90625,0.8608812931282767,0.7171286098186493,0.0,0.09375,0.32758620689655177,58,0.035686994753068274,0.46058139204978943,1.006,1.0,64,1.0,52,0.8125,0.8990920360958675,39.4365625,22.72805014037926,-0.5353236900029522,0.3888178529615059,2.953125,1.4516121156751896,-0.4657026124073583,0.4537838418785126,2.6225400000000016,1.3639126764901883,0.14552557585094272,0.6518630055263889,270.108609375,82.77867840902206,-0.4941514140438451,0.5495966114832433,1.0,0.9979696273803711,0.0022768669296056032,1.1180340051651,0.05214369669556618
63,0.7095674274958892,0.953125,0.8628983287537684,0.6652418518676042,0.0,0.046875,0.4262295081967213,61,0.04443448793170729,0.5067529678344727,1.0190000000000001,1.0,64,1.0,54,0.84375,0.9024058766613269,42.327031250000005,30.218321205835103,-0.485875283893066,0.5169569188198688,2.859375,1.6092232938206557,-0.49500950142868805,0.5030541704804349,2.9460090625000017,1.7867730367705845,0.30012309438025325,0.8539632060169982,281.852125,81.13572607298607,-0.4161821045737259,0.5386884760301477,1.0,0.9998687505722046,0.0027998134028166533,1.0648607015609741,0.051880281418561935
64,0.7417858345681432,0.96875,0.8830546481955436,0.6384563834653975,0.0,0.03125,0.1774193548387097,62,0.04076878466433448,0.4631664454936981,1.032,1.0,64,1.0,55,0.859375,0.8924313789811212,34.196406249999995,22.852399721308505,-0.6249691408763643,0.3909451510260096,2.6875,1.4238482187368147,-0.5487387979677927,0.4451046584505383,3.4304323437500024,1.7561454408321233,0.5316464327182939,0.8393251745032286,289.31487500000003,84.52975660778804,-0.36663429599335157,0.5612226323738967,1.0,1.001111388206482,0.007545494940131903,1.0446385145187378,0.0552850216627121
65,0.7468813409730396,0.984375,0.8519021144935063,0.6232817625045496,0.0,0.015625,0.26984126984126977,63,0.038800012769631076,0.49543625116348267,1.0450000000000002,1.0,64,1.0,55,0.859375,0.8850350195251593,42.12359375,32.032211344948706,-0.48935557065208396,0.5479878636234088,3.203125,1.8043323514183855,-0.38755090835047873,0.5640465917932127,3.3956415625000016,1.9244654656417077,0.5150186649578263,0.9197713783943773,308.9887187500001,91.26889464678484,-0.23601276315824482,0.6059661279422771,1.0,0.9976259469985962,0.0008460236713290215,1.0230478048324585,0.059334415942430496
66,0.7677487311080149,0.96875,0.860861714328489,0.6873648650240375,0.0,0.03125,0.22580645161290325,62,0.04202413223354351,0.5195261836051941,1.058,1.0,64,1.0,60,0.9375,0.8869661046380147,39.525625000000005,26.778549652368685,-0.5338000621591424,0.4581113697368554,2.859375,1.456313705688098,-0.49500950142868805,0.455253590963655,3.0069376562500016,1.661166025004861,0.32924306439664525,0.793931089873394,279.57971875000004,72.46130327855799,-0.4312694048171809,0.48109594778472115,1.0,0.9983682036399841,0.015214384533464909,1.0446385145187378,0.05316241458058357
67,0.7212660996428202,0.9375,0.8638233063121636,0.6787379274229131,0.0,0.0625,0.25,60,0.03149107573475697,0.38829663395881653,1.0710000000000002,1.0,64,1.0,51,0.796875,0.8975274721230466,37.03843750000001,25.662014986816484,-0.5763493744710061,0.43901036420687306,2.8125,1.589762167747113,-0.509662945939353,0.49697048981838243,2.6369703125000012,1.5668685757247345,0.1524223420729131,0.7488629416255193,260.3974375,84.57165502213849,-0.5586272822095497,0.5615008106076653,1.0,0.9984097480773926,0.0028860028833150864,1.0837911367416382,0.05094224214553833
68,0.7598842421328494,1.0,0.8864033706486225,0.6766065630410794,0.0,0.0,0.34375000000000006,64,0.03880190246042957,0.48355597257614136,1.084,1.0,64,1.0,54,0.84375,0.9024408681664431,34.264687499999994,25.446030385943182,-0.6238010261961103,0.4353154291699644,2.71875,1.4520325194361179,-0.5389698349606828,0.4539152629597465,3.106781875000002,1.549990906407676,0.3769622136066187,0.7407964954102014,279.06121875,62.06205931199756,-0.4347119077482619,0.41205172823619723,1.0,0.9990211725234985,0.0004595588252414018,0.9999999403953552,0.0460372269153595
69,0.7357370899502353,0.953125,0.8879441789916305,0.6572497572360152,0.0,0.03125,0.21311475409836064,61,0.03915541935180416,0.4505296051502228,1.097,1.0,63,0.984375,48,0.7619047619047619,0.9015915692665872,42.692539682539675,29.327759587784772,-0.4796223848057434,0.5017217246821601,3.1904761904761907,1.8589734567564888,-0.3915050124247851,0.5811277737681096,2.669525873015875,1.4513193446967174,0.16798181731665413,0.693637801246286,275.4756666666667,91.9476864217772,-0.45851764266902983,0.6104728640560761,0.984375,0.9979735016822815,0.00048007682198658586,1.0648607015609741,0.04543091356754303
70,0.7535194220153131,0.96875,0.8995944607642389,0.6934166170124229,0.0,0.03125,0.25806451612903225,62,0.0405088117254665,0.4389249384403229,1.1099999999999999,1.0,64,1.0,54,0.84375,0.8961641673954789,39.419062499999995,24.83937975516083,-0.5356230695091043,0.4249372139556521,3.09375,1.6271020058681016,-0.42174227887536353,0.5086431777318355,2.8689167187500018,1.542422393283792,0.26327788591040585,0.7371792303188637,277.41381250000006,81.97016142644439,-0.445649614294657,0.544228584323451,1.0,1.000963807106018,0.011299435049295425,1.0446385145187378,0.057045597583055496
71,0.6973361121483146,0.9375,0.8795135696729024,0.6628296861017802,0.0,0.0625,0.4500000000000001,60,0.035311215882465545,0.4677664339542389,1.123,1.0,64,1.0,57,0.890625,0.89679345064926,41.7765625,32.123792692233486,-0.49529237318033187,0.5495545823961436,3.125,1.7721808598447282,-0.4119733158682536,0.5539958163754058,2.9405171875000016,1.4932500148318164,0.29749832946298027,0.7136779791324088,288.95568750000007,92.43428614035678,-0.3690190674910517,0.6137035698564104,1.0,0.9982887506484985,0.011463845148682594,1.0837910175323486,0.0544511079788208
72,0.7651509549442375,0.984375,0.8775965244997115,0.6962671119089325,0.0,0.015625,0.25396825396825395,63,0.04386227857095484,0.45385366678237915,1.136,1.0,64,1.0,61,0.953125,0.884239064616958,34.855000000000004,21.039480967338527,-0.6137023139260874,0.3599308240970171,2.703125,1.3308794965642081,-0.5438543164642378,0.4160420022034191,2.959785625000001,1.4244913579742646,0.30670740992469225,0.6808157398646709,278.52859375,77.48388978900691,-0.43824819149689637,0.5144426571074363,1.0,1.0002774000167847,0.015539305284619331,1.0230478048324585,0.052944034337997437
73,0.7661969964212226,0.96875,0.8749925907581083,0.6974289926366776,0.0,0.03125,0.2580645161290323,62,0.028732794727557735,0.524204432964325,1.149,1.0,64,1.0,53,0.828125,0.8945869337735761,36.230000000000004,22.75050548888969,-0.59017963844271,0.3892020055985073,2.765625,1.3890440451529966,-0.5243163904500179,0.43422463655507104,2.8725920312500017,1.4458583944896508,0.2650344501639649,0.6910278164016779,269.8089687500001,73.71335616086837,-0.49614083300205764,0.48940876498283453,1.0,0.9990931749343872,0.000480769231216982,1.0446386337280273,0.05698017776012421
74,0.7326149338530585,0.921875,0.8838068494352244,0.696926836332556,0.0,0.0625,0.15254237288135594,59,0.033604072462161634,0.4058937132358551,1.162,1.0,63,0.984375,52,0.8253968253968254,0.8901947117292865,31.76952380952381,19.936860687153256,-0.6664867903917303,0.3410678575281526,2.3968253968253967,1.106111199376784,-0.6396056602244027,0.3457779004307779,2.9224995238095253,1.5678617686643996,0.28888703886623796,0.749337624312965,255.29217460317466,68.39368249335068,-0.5925229089911503,0.45408959006899935,0.984375,0.9987412691116333,0.001570680644363165,1.1014961004257202,0.0464450865983963
75,0.7723170134564612,0.984375,0.9197304296115089,0.6977539534908267,0.0,0.015625,0.2857142857142857,63,0.030449951866616698,0.4822465181350708,1.175,1.0,64,1.0,53,0.828125,0.8944455972071187,35.25515625,19.353235759184717,-0.6068566807541638,0.3310835522302519,2.796875,1.2522440793930711,-0.5145474274429079,0.39146003479882724,2.8665304687500015,1.3842509093306012,0.26213741106641486,0.6615833797226047,266.176046875,70.81394280799111,-0.5202610725451159,0.4701585451840012,1.0,0.9985975623130798,0.0004812319530174136,1.0230478048324585,0.04844145104289055
76,0.7243374906172592,0.96875,0.8765684813261032,0.6650078876509911,0.0,0.03125,0.33870967741935487,62,0.02916561874309125,0.4217565059661865,1.1880000000000002,1.0,64,1.0,60,0.9375,0.8972636036417299,44.98625,27.82097334408881,-0.44038296411447525,0.4759445291670494,3.1875,1.6476782908080085,-0.3924353898540337,0.5150754646566901,2.6185614062500013,1.570366385896207,0.1436240625617506,0.7505346711214311,281.114375,73.7962584179197,-0.42108028497373545,0.48995918207616607,1.0,0.997799813747406,0.0032036614138633013,1.0446385145187378,0.05603526532649994
77,0.7354863667520993,0.953125,0.871404694729164,0.679562042755815,0.0,0.046875,0.2459016393442623,61,0.02996925555494161,0.42601460218429565,1.201,1.0,64,1.0,54,0.84375,0.8845732739194475,45.9325,24.018359384021217,-0.42419508653182375,0.41089168976979085,2.984375,1.4196411023124824,-0.45593364940024833,0.4437894851796293,2.8952782812500018,1.7065372434576367,0.27587702635233086,0.8156156297525374,285.1047187500001,89.63311823404565,-0.3945869965351711,0.5951056359549143,1.0,0.9984580278396606,0.005125815514475107,1.0648608207702637,0.04801896959543228
78,0.7403408445543893,0.96875,0.8475805924784753,0.6788277729595783,0.0,0.015625,0.32258064516129037,62,0.03342092137755795,0.5140039324760437,1.214,1.0,63,0.984375,56,0.8888888888888888,0.8872718547698242,46.56031746031747,24.72208651801019,-0.4134547618904812,0.4229306315891871,3.2222222222222223,1.7406844525403495,-0.3815809865128004,0.5441498247653789,3.1335731746031774,1.5088838470626011,0.38976674089221097,0.7211499507927059,303.075380952381,82.25500846610892,-0.2752734819639828,0.54611978349212,0.984375,0.9989720582962036,0.00042069837218150496,1.0446386337280273,0.05107627809047699
79,0.7621695110775222,1.0,0.8865710282698274,0.6525124522098493,0.0,0.0,0.3125,64,0.03545395525741298,0.4379864037036896,1.227,1.0,64,1.0,55,0.859375,0.895147119421763,47.964062500000004,27.57948443356209,-0.38944033350513363,0.47181328169420983,3.421875,1.7571700214762942,-0.3191681673007092,0.5493033259841438,3.0248426562500015,1.8243897890623972,0.33780050895679475,0.8719416071490879,307.537515625,83.1517176246965,-0.24564780850329107,0.5520733493682335,1.0,0.9981818199157715,0.011411665007472038,0.9999999403953552,0.053024403750896454
80,0.7268282881155494,0.96875,0.8706542589972096,0.6225121008967179,0.0,0.03125,0.3225806451612903,62,0.019607081963602148,0.4270394444465637,1.24,1.0,64,1.0,46,0.71875,0.8958886472016316,48.379375,36.781621764263946,-0.3823354162966317,0.6292379291004441,2.96875,1.7850835939809653,-0.4608181309038033,0.558029299014365,2.800388906250001,1.530174799082525,0.230525975477729,0.7313256638082493,283.76810937500005,101.52902177966124,-0.40346121387586115,0.6740867021528647,1.0,1.0009255409240723,0.008178100921213627,1.0446386337280273,0.06246577203273773
81,0.7597201480040017,0.96875,0.8859348623983322,0.6821607921309346,0.0,0.03125,0.27419354838709675,62,0.03970436135096357,0.5074000358581543,1.2530000000000001,1.0,64,1.0,57,0.890625,0.8921148069081133,43.75796875,28.70202530853047,-0.46139566320252395,0.49101703785326994,2.890625,1.6213149322000955,-0.48524053842157816,0.5068340990572061,2.4742373437500014,1.4213662515376306,0.07464639355648335,0.6793221389109674,256.08554687500003,70.98069155717849,-0.5872554328654084,0.4712656484777941,1.0,0.999023973941803,0.0029296875,1.0446385145187378,0.058837391436100006
82,0.7467801420131297,0.953125,0.886364185419239,0.6948778747173074,0.0,0.046875,0.22950819672131145,61,0.027047298255089613,0.37470343708992004,1.266,1.0,64,1.0,48,0.75,0.8866020371614591,39.237812500000004,27.424337188250217,-0.5387237858228221,0.4691591156552199,2.84375,1.5931371370663607,-0.499893982932243,0.498025528232138,2.7962485937500015,1.4700312579253931,0.2285471709717004,0.7025808987089346,266.776484375,70.6531436997393,-0.5162745578803504,0.4690909436382499,1.0,0.9996088743209839,0.0054536438547074795,1.0648607015609741,0.061630941927433014
83,0.7253877618669551,0.9375,0.8351531902949015,0.643028646516202,0.0,0.046875,0.2,60,0.03500583457246295,0.5090284943580627,1.279,1.0,63,0.984375,51,0.8095238095238095,0.9010015237988269,47.537142857142875,32.7856657329239,-0.39674381875343007,0.5608775094851304,3.126984126984127,1.9557977586560222,-0.41135306424875456,0.6113957105183747,2.5580923809523823,1.5509759171461532,0.1147237368655397,0.7412672675289208,271.2497460317461,89.55227562749309,-0.48657500847853696,0.5945688936019472,0.984375,0.9985225796699524,0.0,1.0837911367416382,0.060450151562690735
84,0.7387070094395789,0.96875,0.813151404982613,0.6231728366128702,0.0,0.03125,0.27419354838709675,62,0.026893821613038132,0.4409739077091217,1.292,1.0,64,1.0,52,0.8125,0.9024222055476988,45.69125,36.41051708898818,-0.42832224686663456,0.6228892928481706,3.15625,2.108159371940366,-0.40220435286114364,0.6590249893624819,2.893948125000002,1.842455168476696,0.2752412967591608,0.8805757028092907,281.40667187500003,79.8038516679049,-0.41913962374146274,0.5298456958115872,1.0,0.9986415505409241,0.0013351135421544313,1.0446385145187378,0.06033213809132576
85,0.6905700413231478,0.875,0.9010603630117008,0.6792793436945376,0.0,0.125,0.19642857142857142,56,0.026976992527766613,0.4007781147956848,1.305,1.0,64,1.0,56,0.875,0.9011439561153506,34.70578125,25.582260076851078,-0.6162550588222949,0.4376459650320933,2.625,1.3635890143294642,-0.5682767239820126,0.42626722041235326,2.896786875000002,1.5128475295715904,0.2765980376552862,0.7230443374626144,263.234,83.96602147706838,-0.5397943512154436,0.5574797975815038,1.0,0.9994399547576904,0.0,1.1478066444396973,0.062846340239048
86,0.7365912576662301,0.953125,0.8655466444668223,0.6667730637307974,0.0,0.046875,0.3278688524590164,61,0.03515710915995647,0.45903897285461426,1.318,1.0,64,1.0,56,0.875,0.8929754505056108,40.01765625,33.880877245790664,-0.5253826865799203,0.5796137313053658,2.859375,2.112959916651284,-0.49500950142868805,0.6605256723607197,3.084849531250002,1.570791258606263,0.36647995637596975,0.750737733096378,294.03535937500004,76.78139787518677,-0.3352933484580399,0.5097785674789185,1.0,0.9988204836845398,0.010572686791419983,1.0648608207702637,0.05656151473522186
87,0.7687849328108094,0.96875,0.8828658206808951,0.7133733402726181,0.0,0.03125,0.17741935483870966,62,0.0360910341681889,0.441838800907135,1.331,1.0,64,1.0,56,0.875,0.893331266066635,38.826562499999994,22.553005981655613,-0.5457592042173961,0.3858233024590207,2.6875,1.248436522214886,-0.5487387979677927,0.3902697664717506,2.8052662500000016,1.5461160891665582,0.23285703377102254,0.7389445806533415,265.55409375,57.65381454550483,-0.5243904369729027,0.3827838487191803,1.0,0.9980379343032837,0.004347825888544321,1.0446386337280273,0.060041263699531555
88,0.7948973162813426,1.0,0.8805320300161839,0.65153204931321,0.0,0.0,0.21875000000000003,64,0.02569732633551169,0.3915839195251465,1.344,1.0,64,1.0,55,0.859375,0.8807416777887837,34.74421875,25.86904471351133,-0.6155974931212823,0.44255210462611316,2.6875,1.4238482187368147,-0.5487387979677927,0.4451046584505383,3.4353996875000026,1.6784247493343374,0.5340205052540009,0.8021796560073453,295.31428125,77.3007951235523,-0.3268021386155887,0.5132270275558591,1.0,0.999099612236023,0.0009099181042984128,0.9999999403953552,0.048236873000860214
89,0.76669147746114,0.953125,0.8653475510292366,0.7015996169146053,0.0,0.046875,0.2295081967213115,61,0.0478819505087437,0.4780665934085846,1.357,1.0,64,1.0,57,0.890625,0.8874642694100041,39.50859375,31.99420620729574,-0.5340914225713798,0.5473376945181638,2.90625,1.6556602723687006,-0.4803560569180232,0.5175706864995648,3.2471459375000022,1.4832009321341126,0.44404725594569266,0.7088751604747178,290.9343593750001,91.92702608682463,-0.3558819725453719,0.6103356928629587,1.0,0.9983829259872437,0.0030501089058816433,1.0648608207702637,0.05185367539525032
90,0.7224245991322402,0.953125,0.856305827615691,0.6129290533574847,0.0,0.046875,0.34426229508196715,61,0.026049437233535266,0.34361109137535095,1.37,1.0,64,1.0,48,0.75,0.8931924429868365,44.490468750000005,30.58196253664525,-0.44886449244501564,0.5231778766504074,3.28125,1.8913350939217513,-0.3631285008327039,0.5912442421302524,2.8112671875000013,1.4378858877483445,0.23572509799694655,0.6872174682059701,289.3363125000001,92.1813217610873,-0.3664919649295421,0.6120240508263348,1.0,0.9978687763214111,0.0022212350741028786,1.0648608207702637,0.05419791489839554
91,0.7561750491499524,0.9375,0.8906063775221507,0.6946165683268322,0.0,0.0625,0.23333333333333336,60,0.03642379587730506,0.47787851095199585,1.383,1.0,64,1.0,51,0.796875,0.8888534039268872,35.783593749999994,25.10406182069868,-0.5978164888808931,0.42946523601668246,2.515625,1.380581710502859,-0.6024680945068974,0.4315792530622397,2.9088353125000017,1.3530419454140756,0.28235642000338307,0.6466674915072808,260.62443750000006,79.71700203059633,-0.5571201497787773,0.5292690706794791,1.0,0.998450517654419,0.0027998134028166533,1.0837911367416382,0.057185519486665726
92,0.725285407773921,0.921875,0.8749486586805117,0.6496087939350415,0.0,0.078125,0.2711864406779661,59,0.03138999903863486,0.4047379195690155,1.3960000000000001,1.0,64,1.0,52,0.8125,0.891129544435812,40.048125000000006,31.61879404894145,-0.524861445475459,0.5409153684283585,3.0625,1.8360538526960477,-0.4315112418824735,0.5739629493135798,3.049443750000002,1.6512203937254086,0.3495582579590103,0.7891777143755105,278.38951562500006,87.3900120728537,-0.4391715798343344,0.5802128692536048,1.0,0.9994463920593262,0.0054054055362939835,1.1014961004257202,0.05548936128616333
93,0.7595262597240681,0.96875,0.8384580492011963,0.6652547597969576,0.0,0.03125,0.22580645161290325,62,0.037537250959896754,0.46988585591316223,1.409,1.0,64,1.0,54,0.84375,0.8997762109698014,44.630156250000006,39.019527622885,-0.44647480245840887,0.6675226805729474,3.28125,2.1394271283453428,-0.3631285008327039,0.6687995031428191,2.7397162500000016,1.6389600271108473,0.2015283272132005,0.7833180434684334,288.564953125,75.05077479830528,-0.37161328973061164,0.49828835530001636,1.0,1.0006937980651855,0.005251640919595957,1.0446385145187378,0.05129764974117279
94,0.7627659650805143,0.953125,0.8794912446717746,0.6608909293259965,0.0,0.03125,0.1475409836065574,61,0.036333754700899994,0.4452614486217499,1.422,1.0,63,0.984375,59,0.9365079365079365,0.8918386684770744,44.88825396825397,32.46923816645693,-0.4420594214624175,0.5554642564233141,3.4761904761904763,1.8070158058105024,-0.30218877921692283,0.5648854579272241,2.773773809523811,1.598873840848793,0.21780566189507658,0.7641594108761207,292.57779365079375,84.0734067682766,-0.344970637325587,0.5581927661055911,0.984375,0.9963462352752686,0.0013315578689798713,1.0648607015609741,0.05629650503396988
95,0.7640291556891234,0.96875,0.9153486365272153,0.6517156459218049,0.0,0.015625,0.2903225806451613,62,0.030259083286178053,0.41178709268569946,1.4349999999999998,1.0,63,0.984375,55,0.873015873015873,0.8948431808347458,37.865238095238105,28.84023847165694,-0.5622049656773704,0.49338150576872813,3.0952380952380953,1.6970028267814727,-0.4212770901607392,0.5304946508092544,3.120670634920637,1.4821218700055705,0.3836001523404953,0.7083594378083142,287.5979206349207,79.02903110848627,-0.378033756811708,0.5247013909960416,0.984375,0.9981777667999268,0.0059469351544976234,1.0446385145187378,0.06157594174146652
96,0.7480169577717553,0.96875,0.8693115158427146,0.6638162480801688,0.0,0.015625,0.4193548387096775,62,0.03855366138426894,0.4497224986553192,1.448,1.0,63,0.984375,58,0.9206349206349206,0.8999157800258558,46.56412698412699,29.203240776614006,-0.41338959084152294,0.4995915315281631,3.3492063492063493,1.672928523968939,-0.34188488286486163,0.5229688596541311,2.7399960317460335,1.4930957730968948,0.20166204498927473,0.7136042614504511,292.8400793650794,76.97372567544583,-0.3432292306906612,0.5110554990432775,0.984375,0.9974914789199829,0.006342494860291481,1.0446386337280273,0.07212390750646591
97,0.7223988833130655,0.90625,0.8958934905200169,0.6887687883996525,0.0,0.09375,0.3103448275862069,58,0.03358123304052858,0.44144904613494873,1.4609999999999999,1.0,64,1.0,56,0.875,0.8984075370316214,37.70343750000001,31.7963876790052,-0.5649729532372273,0.5439535337577437,2.875,1.7275343701356567,-0.4901250199251331,0.5400390193717183,2.8048018750000017,1.460921183885227,0.23263509222856962,0.6982268661181733,266.70642187500005,79.99439205789774,-0.5167397273337905,0.5311107601337467,1.0,0.9981212019920349,0.01005944237112999,1.1180338859558105,0.061960369348526
98,0.711188932017554,0.90625,0.9064794727440538,0.6754441610259175,0.0,0.078125,0.2931034482758621,58,0.034806991507191784,0.3952206075191498,1.474,1.0,63,0.984375,57,0.9047619047619048,0.8951542177018476,34.40936507936508,25.189680103642843,-0.621325968924019,0.43092994226042036,2.6984126984126986,1.6488083299902083,-0.545327414060548,0.5154287226076499,3.483760476190478,1.3474330988574548,0.5571338684544394,0.643986821668986,286.7890476190476,90.61420108864972,-0.38340414780112997,0.6016193883225279,0.984375,0.99820476770401,0.00042881647823378444,1.1180338859558105,0.05529643967747688
99,0.7610529064990446,0.96875,0.8722547249447915,0.6936449373020822,0.0,0.015625,0.3387096774193548,62,0.026527776191737264,0.437987357378006,1.4869999999999999,1.0,63,0.984375,62,0.9841269841269841,0.8967347472548253,40.87285714285716,26.29871373694324,-0.5107524225248123,0.44990262462862124,2.9365079365079363,1.5723101583542591,-0.47089721972066284,0.49151487272530964,3.4541269841269857,1.3457305637773707,0.5429709549969154,0.6431731188172949,296.4867301587302,73.80103455037045,-0.3190178400527222,0.4899908924907484,0.984375,0.9977536797523499,0.0028571428265422583,1.0446385145187378,0.06038474664092064
100,0.7658171744197728,0.9375,0.9282459447781245,0.6963980972116697,0.0,0.0625,0.2,60,0.03920525344388129,0.43850043416023254,1.5,1.0,64,1.0,53,0.828125,0.9039246668640208,28.056875,21.259188959938594,-0.730000559940949,0.36368945668686126,2.328125,1.2876175613803191,-0.661081872549557,0.40251802638174233,3.159190312500002,1.5827033903231942,0.4020100939970299,0.7564309700000831,256.666671875,78.1862884544532,-0.5833971406458822,0.5191061276273711,1.0,0.9986316561698914,0.0026881720405071974,1.0837910175323486,0.06111551821231842
101,0.7902538176913497,0.96875,0.8980350782794337,0.6942993163825287,0.0,0.03125,0.17741935483870966,62,0.02356727637345251,0.4098879396915436,1.5,1.0,64,1.0,54,0.84375,0.8908645538073234,39.68265625000001,26.964838577429607,-0.5311136656976885,0.461298288958932,2.671875,1.4037303816527589,-0.5536232794713477,0.4388156854503077,2.7651459375000016,1.5131298842968672,0.21368209102013586,0.7231792849581661,276.3131875,71.8127202594262,-0.4529570487951798,0.4767897781715862,1.0,0.999423086643219,0.0009099181042984128,1.0446385145187378,0.05809098109602928
102,0.7374969372549718,0.953125,0.8733529814931212,0.6501737677597145,0.0,0.046875,0.3278688524590164,61,0.04119345400858408,0.37917301058769226,1.5,1.0,64,1.0,54,0.84375,0.9001496428368646,45.983281250000005,30.428105329134418,-0.4233263513577216,0.5205457798045485,3.3125,1.7488835724541527,-0.353359537825594,0.5467129255375005,2.6216745312500014,1.6574888062526727,0.14511193715523377,0.792173614553238,282.23548437500006,94.12345075218911,-0.4136368475397914,0.6249185247789002,1.0,0.9984859824180603,0.0008733624708838761,1.0648607015609741,0.07050574570894241
103,0.7567496411485105,0.953125,0.8919831465502255,0.6686809069076806,0.0,0.046875,0.19672131147540983,61,0.02125162565886502,0.3731018304824829,1.5,1.0,64,1.0,63,0.984375,0.8942834841537375,30.10375,19.9160457844297,-0.694983849846376,0.34071176865398217,2.515625,1.3462005271782507,-0.6024680945068974,0.4208314608049993,3.2387726562500023,1.8353820458237065,0.44004536317365056,0.8771952026713349,274.02503125000004,74.12938018444697,-0.46814891879980086,0.49217089404854214,1.0,0.9990988969802856,0.0022956840693950653,1.0648607015609741,0.05709729716181755
104,0.8074944629445612,1.0,0.9012547847814858,0.6974742971546106,0.0,0.0,0.234375,64,0.023232604340424526,0.43041571974754333,1.5,1.0,64,1.0,60,0.9375,0.8889970929786438,38.360625,28.410062141068522,-0.553730183568695,0.4860223070595926,2.9375,1.4238482187368147,-0.47058709391091325,0.4451046584505383,3.1387912500000024,1.719890709066369,0.3922606471149985,0.8219977320498059,284.894359375,61.37842131664826,-0.3959836460337594,0.40751281636968184,1.0,0.9997377991676331,0.0,0.9999998807907104,0.05994375795125961
105,0.7908030127937902,0.984375,0.8963477313518524,0.6848716950510622,0.0,0.015625,0.22222222222222224,63,0.026588858183451986,0.3802473545074463,1.5,1.0,64,1.0,61,0.953125,0.8853373501457528,35.896874999999994,20.437014434216536,-0.5958785411848194,0.3496241879164906,2.515625,1.2623414194959302,-0.6024680945068974,0.39461653214074843,3.018951093750002,1.6861291305783042,0.33498471898380383,0.8058618573681664,274.485109375,77.8566650856153,-0.465094299139553,0.5169176427413976,1.0,0.9995520710945129,0.001473477459512651,1.0230478048324585,0.054810162633657455
106,0.7484766917778471,0.953125,0.9223015777400283,0.6387080494267753,0.0,0.046875,0.2786885245901639,61,0.025055437693802533,0.40274176001548767,1.5,1.0,64,1.0,60,0.9375,0.8988010986076532,38.7315625,25.465804290923028,-0.5473844072507928,0.43565370927896807,2.765625,1.5884562818582701,-0.5243163904500179,0.4965622609883148,3.2381018750000017,1.6168466207867758,0.43972477264816223,0.7727492499105276,283.08862500000004,89.81222271990954,-0.40797254840346237,0.5962947733079638,1.0,0.9984116554260254,0.00042607582872733474,1.0648607015609741,0.05579260736703873
107,0.7333837273583832,0.9375,0.8931387995680173,0.6821551423010653,0.0,0.046875,0.3833333333333333,60,0.044052175669319224,0.45220792293548584,1.5,1.0,63,0.984375,54,0.8571428571428571,0.8901136353987168,42.79253968253968,23.395958270421033,-0.4779116447705885,0.4002440247401837,2.761904761904762,1.2812975282927344,-0.5254793622365787,0.40054234095977986,2.905152222222224,1.618930428032947,0.28059613846961545,0.7737451764664142,280.3249523809524,78.53842151526128,-0.42632153797264155,0.52144406223482,0.984375,0.9996445775032043,0.0004460303171072155,1.0837911367416382,0.05890775844454765
108,0.7193173561257133,0.921875,0.8906684194580984,0.6234594077493584,0.0,0.0625,0.3389830508474577,59,0.0392709591143849,0.40589916706085205,1.5,1.0,63,0.984375,50,0.7936507936507936,0.9014804460011645,46.404920634920636,34.66507097394468,-0.4161131975959043,0.5930292473660689,2.984126984126984,1.9147884253968537,-0.45601118085268566,0.5985759134126128,2.725314285714287,1.7165291754211793,0.19464510962413276,0.8203911340154139,279.893253968254,103.27703361409057,-0.4291877347924243,0.6856923643777192,0.984375,0.9984475374221802,0.0013274336233735085,1.1014961004257202,0.060083385556936264
109,0.7419790012363128,0.9375,0.9054764360189438,0.6688013311924185,0.0,0.0625,0.35,60,0.03561994273098359,0.36157143115997314,1.5,1.0,64,1.0,52,0.8125,0.8959384840259346,36.24609375,26.72854739185635,-0.5899043162183024,0.45725596104778854,2.53125,1.5508943992096949,-0.5975836130033424,0.484820160442032,3.0715532812500017,1.5050544198955236,0.3601251994794107,0.7193197295874897,268.88443750000005,79.35984662123599,-0.5022791194784337,0.526897790942595,1.0,0.9989842772483826,0.0013908206019550562,1.0837910175323486,0.057847511023283005
110,0.7834625448484845,0.984375,0.9085558023717668,0.6558582069510187,0.0,0.015625,0.2539682539682539,63,0.03268078753905304,0.4454118013381958,1.5,1.0,64,1.0,54,0.84375,0.8956784389289573,40.13859375,27.104341203669957,-0.5233137603499051,0.4636848162361179,2.8125,1.5599979967935855,-0.509662945939353,0.48766600709894864,3.0632909375000024,1.758697323199867,0.3561763277353438,0.8405448110229712,279.07537500000007,89.30249847927342,-0.43461791945102324,0.592910535714072,1.0,0.9975436329841614,0.00136239780113101,1.0230478048324585,0.05935917794704437
111,0.7647802868890119,0.96875,0.8844979443857747,0.6427925623080131,0.0,0.03125,0.24193548387096778,62,0.03369885067811196,0.3811931312084198,1.5,1.0,64,1.0,54,0.84375,0.8950696342719381,39.68671875,27.624246768842376,-0.5310441668837605,0.47257904888451985,2.84375,1.5022769177152393,-0.499893982932243,0.46962200433905,2.876339843750002,2.1040879379655615,0.2668256647794683,1.005619429143798,278.94000000000005,86.73759491149877,-0.4355167214458065,0.5758812434286255,1.0,0.9998781681060791,0.0018691589357331395,1.0446385145187378,0.05739978700876236
112,0.7461176658410893,0.921875,0.9001822239261562,0.6715045486375576,0.0,0.078125,0.23728813559322032,59,0.03538326126034143,0.483226478099823,1.5,1.0,64,1.0,51,0.796875,0.8906361783611025,41.901562500000004,22.897556857852624,-0.49315394813638835,0.3917176722395993,2.828125,1.20616499052783,-0.504778464435798,0.37705539753399936,2.765215781250001,1.5518551496181172,0.2137154718645086,0.7416874844032193,273.64171875000005,87.7199722425481,-0.4706938646142076,0.5824035902783163,1.0,0.9980539083480835,0.0013537906343117356,1.1014959812164307,0.06711138784885406
113,0.7617615438197991,0.96875,0.9004765907602925,0.6748462617314293,0.0,0.03125,0.3709677419354839,62,0.026583907715125726,0.3684054911136627,1.5,0.984375,64,0.984375,59,0.921875,0.8860657141752656,32.898906249999996,27.744103096265537,-0.6471659928324968,0.474629479062414,2.6875,1.3564084008881692,-0.5487387979677927,0.4240225117059095,3.1189989062500016,1.3267976396349954,0.3828011729817366,0.6341243922766697,282.32790625000007,78.34999314408854,-0.4130232263718386,0.520193020344635,1.0,0.9980870485305786,0.0009045680635608733,1.0446385145187378,0.05659922584891319
114,0.7421973512515795,0.953125,0.9081031582394584,0.66884287831645,0.0,0.046875,0.4098360655737705,61,0.040839389360206604,0.45206424593925476,1.5,1.0,64,1.0,53,0.828125,0.8926061937726883,43.5784375,28.525564423576157,-0.46446697617188776,0.4879982508479682,2.96875,1.3225064980936767,-0.4608181309038033,0.4134245458092684,2.771977500000002,1.8748319720269282,0.2169471408583347,0.8960497436591072,288.37975000000006,75.32702381719498,-0.37284291808289244,0.5001224692001822,1.0,0.9989933967590332,0.0022946305107325315,1.0648608207702637,0.0607236847281456
115,0.7539191836373963,0.953125,0.866314884091987,0.6693390645846615,0.0,0.046875,0.2459016393442623,61,0.03921642360757546,0.43402668833732605,1.5,1.0,64,1.0,54,0.84375,0.8971370548255065,46.00250000000001,33.68119736960074,-0.4229975685072152,0.5761977277212373,3.015625,1.6629434324038206,-0.4461646863931384,0.5198474519702192,2.8335390625000016,1.4455982127173599,0.24636962944420063,0.6909034661591791,286.52007812500005,92.48920463395734,-0.3851899303886518,0.6140681929522456,1.0,0.9984649419784546,0.0008806693367660046,1.0648608207702637,0.05918104946613312
116,0.7615753038875159,0.953125,0.8876137112984892,0.6844464018023088,0.0,0.046875,0.21311475409836064,61,0.02566099724090225,0.32562702894210815,1.5,1.0,64,1.0,51,0.796875,0.8914118200626135,39.262656250000006,29.903928945572282,-0.5382987738453383,0.5115784845561249,2.890625,1.6594161953455198,-0.48524053842157816,0.518744813623344,3.231551093750002,1.6789766520461196,0.43659391828499333,0.8024434301966038,290.40562500000004,93.68765947993438,-0.35939242507324254,0.6220251540323691,1.0,0.9987070560455322,0.008620689623057842,1.0648607015609741,0.06073838472366333
117,0.7704252416923966,0.953125,0.9011635834076366,0.6650176334517632,0.0,0.046875,0.21311475409836064,61,0.030914083611824354,0.45922166109085083,1.5,1.0,64,1.0,56,0.875,0.8861400061714568,37.31890625,29.910943289893268,-0.5715512832786582,0.5116984817526276,2.96875,1.6390617552429194,-0.4608181309038033,0.5123818769067764,3.3042553125000023,1.7040902904509734,0.4713418837271666,0.814446142754726,288.14353125,91.79809357020457,-0.37441125702069644,0.6094796647696585,1.0,0.9972146153450012,0.009690816514194012,1.0648607015609741,0.06299595534801483
118,0.7616266037251224,0.9375,0.8873862147331237,0.6824896465844581,0.0,0.046875,0.23333333333333336,60,0.03431018922353385,0.38318780064582825,1.5,1.0,63,0.984375,53,0.8412698412698413,0.8851817692311683,32.2784126984127,25.784827469641986,-0.657781024435054,0.44111136651873645,2.5873015873015874,1.4653123686151455,-0.5800615047524944,0.4580666343315839,3.058963015873018,1.608739893133,0.3541078580685696,0.7688747527051984,267.585746031746,74.04269803295259,-0.5109015865681816,0.4915953809133602,0.984375,0.9976055026054382,0.008370260708034039,1.0837910175323486,0.06864440441131592
119,0.758193481890227,0.9375,0.8827394927541415,0.7001232359056702,0.0,0.046875,0.21666666666666667,60,0.03370641303655251,0.37819844484329224,1.5,0.984375,63,0.96875,53,0.8412698412698413,0.8914759712833363,32.630793650793656,26.185468907579274,-0.6517527024064136,0.44796529999494916,2.3492063492063493,1.3232803175026244,-0.6544916990923797,0.4136664470310346,3.138517301587304,1.5808552322124119,0.39212971729908064,0.7555476686556871,256.46534920634923,79.57782183999947,-0.584733792288936,0.528345004692829,0.984375,0.9986183047294617,0.0020397757180035114,1.0837910175323486,0.06700438261032104
120,0.7746629615087948,0.953125,0.9119007548347848,0.6495002484643406,0.0,0.046875,0.1639344262295082,61,0.038917291451507706,0.3183792233467102,1.5,1.0,64,1.0,55,0.859375,0.897570148680139,32.95640625,27.371874328815355,-0.6461823173122828,0.4682616125152808,2.765625,1.7024081060001448,-0.5243163904500179,0.5321843779366243,3.4906684375000028,1.7287255230264833,0.5604354320361158,0.8262202079315658,283.871328125,78.6432080345815,-0.4027759084767921,0.5221397766029929,1.0,0.9986221790313721,0.0014124293811619282,1.0648607015609741,0.07126355171203613
121,0.8125575843933988,0.984375,0.9102283385064867,0.7220186952204117,0.0,0.015625,0.14285714285714285,63,0.03161985324736929,0.36968886852264404,1.5,1.0,64,1.0,56,0.875,0.875802994697873,34.20046875,26.402907417418508,-0.6248996420624361,0.4516851076346128,2.375,1.3635890143294642,-0.6464284280388921,0.42626722041235326,3.383251875000002,1.4297160501224495,0.5090971869405783,0.6833128084713138,272.627515625,68.62280183774386,-0.4774275140462695,0.45561079356878886,1.0,0.9987867474555969,0.0,1.023047924041748,0.062379684299230576
122,0.7815838694118671,0.96875,0.8842041574178203,0.6679826066146163,0.0,0.03125,0.12903225806451615,62,0.03931939194957624,0.41608187556266785,1.5,0.984375,64,0.984375,54,0.84375,0.8859205249736859,39.8546875,30.906201742568495,-0.5281706582309615,0.528724766555804,2.96875,1.7850835939809653,-0.4608181309038033,0.558029299014365,3.3337085937500017,2.2879705434633224,0.4854186679445005,1.0935035510160651,301.78181250000006,84.61627632027187,-0.2838619355587277,0.5617970670196475,1.0,0.9982113838195801,0.00743331853300333,1.0446383953094482,0.0674191266298294
123,0.7766167913593502,0.9375,0.9116676608721416,0.7010943351900971,0.0,0.046875,0.1833333333333333,60,0.03636613154064003,0.4247881770133972,1.5,1.0,63,0.984375,52,0.8253968253968254,0.8860637725716585,26.24873015873016,23.10095727364846,-0.760933217634137,0.39519732458428986,2.111111111111111,1.415460114895743,-0.7289218934322649,0.44248248001459506,3.3814392063492082,1.5298160060705124,0.5082308472876832,0.7311541837016384,257.7924920634921,72.87610321588608,-0.575922426472779,0.4838499497134851,0.984375,0.9977356791496277,0.0009372071363031864,1.0837910175323486,0.05662824958562851
124,0.7641465405910537,0.9375,0.9043858875830968,0.6791178471229106,0.0,0.0625,0.18333333333333338,60,0.036729370930353375,0.3865357041358948,1.5,1.0,64,1.0,59,0.921875,0.886205568673219,36.42109375,23.66207442282293,-0.5869105211567818,0.4047965802993363,2.765625,1.4223900166181567,-0.5243163904500179,0.4446488145288084,2.894030937500002,1.747320101937107,0.27528087583638156,0.8351072270964354,268.78851562500006,83.56603820500895,-0.5029159783710899,0.5548241686780362,1.0,0.9991278648376465,0.004339440725743771,1.0837910175323486,0.06339174509048462
125,0.7866755257819836,0.96875,0.8924552956896443,0.6623925313826846,0.0,0.015625,0.19354838709677422,62,0.03780561773820584,0.43232107162475586,1.5,1.0,63,0.984375,55,0.873015873015873,0.8910399062531029,35.43269841269841,23.84141083275792,-0.6038193958976026,0.40786456006170335,2.5714285714285716,1.3883218797250716,-0.5850235177084867,0.4339988827198578,3.416444444444447,1.7740437980516854,0.5249611117006874,0.8478794442392887,287.3953650793652,89.40695850716344,-0.37937859402232793,0.5936040823913955,0.984375,0.9953951239585876,0.0026785715017467737,1.0446385145187378,0.06333115696907043
126,0.763120407682106,0.9375,0.9165205111106237,0.6807795391248438,0.0,0.0625,0.15000000000000002,60,0.036851450915125525,0.38472455739974976,1.5,1.0,64,1.0,51,0.796875,0.8966059537103407,37.0275,24.266760960210576,-0.5765364866623512,0.41514119498161756,2.53125,1.4138682532329523,-0.5975836130033424,0.44198485320831543,2.8273571875000014,1.3907261664880666,0.2434150886684242,0.6646781384010589,258.73287500000004,84.32057683894918,-0.5696788951029294,0.5598338146933748,1.0,1.0013184547424316,0.005828071851283312,1.0837910175323486,0.059490397572517395
127,0.7749070839580863,0.96875,0.8966652606764147,0.6694892484789239,0.0,0.03125,0.3064516129032258,62,0.04359254767191144,0.4685388505458832,1.5,1.0,64,1.0,56,0.875,0.8858162833071344,43.3096875,24.505456596997817,-0.469064590016366,0.4192246568023044,2.921875,1.4716560346680878,-0.4754715754144682,0.4600497075796048,2.8287082812500017,1.3304943146082446,0.24406082504715598,0.6358911664258164,274.32065625,71.82050063922796,-0.46618616098109167,0.47684143483556396,1.0,0.9982529282569885,0.0013895322335883975,1.0446383953094482,0.06013437360525131
128,0.7765865727143364,0.96875,0.8909559235457452,0.6659326847192901,0.0,0.03125,0.1935483870967742,62,0.03953753771758941,0.36884114146232605,1.5,1.0,64,1.0,50,0.78125,0.8960801469406293,43.77484375,30.666289920294986,-0.46110697582159166,0.5246204989631019,2.890625,1.8210332532315274,-0.48524053842157816,0.5692674075371473,2.7550525000000015,1.5261518845858704,0.20885807360446507,0.7294029680374956,272.01242187500003,83.64993150546454,-0.4815113366832308,0.5553811656553099,1.0,0.9970716834068298,0.0009438414126634598,1.0446385145187378,0.06025175750255585
129,0.7752527731857688,0.953125,0.9089019493978532,0.7025661737908174,0.0,0.046875,0.278688524590164,61,0.04867090349934783,0.4673781394958496,1.5,1.0,64,1.0,56,0.875,0.8906225909544011,36.53875,26.081745981385144,-0.58489772858417,0.4461908703709122,2.5625,1.6189792308735773,-0.5878146499962325,0.5061039429018649,2.5220650000000013,1.6321108447785506,0.09750495355655402,0.7800445724775936,253.14862500000004,68.89254387983055,-0.6067546848674202,0.45740170537306885,1.0,0.9976596236228943,0.001983143389225006,1.0648607015609741,0.0636502355337143
130,0.7841385279054396,0.96875,0.9077670458824404,0.6384191845570614,0.0,0.03125,0.25806451612903225,62,0.0342937534032287,0.4237704575061798,1.5,1.0,64,1.0,42,0.65625,0.889925067827519,42.62203125,35.70526016830746,-0.4808286007893597,0.6108241803553862,2.828125,1.7006863274498916,-0.504778464435798,0.5316461382257808,2.7232718750000013,1.69883861516559,0.19366896796221963,0.8119361779346995,265.148609375,84.27442537100474,-0.5270825896237128,0.559527398948587,1.0,0.9988679885864258,0.0,1.0446385145187378,0.05290159955620766
131,0.743063094751494,0.921875,0.8728811771182691,0.703191270152981,0.0,0.0625,0.25423728813559326,59,0.03690632654184435,0.4162273108959198,1.5,1.0,63,0.984375,49,0.7777777777777778,0.9058306298767145,36.06349206349207,27.208388713353113,-0.5930281563742613,0.46546479863984913,2.507936507936508,1.6891156310378446,-0.6048715695324562,0.5280290596588756,2.625569682539684,1.7797429708996102,0.14697357028647381,0.8506032842663663,244.94090476190476,75.95794004301483,-0.6612486115349901,0.504311342790638,0.984375,0.9974019527435303,0.0029970030300319195,1.1014959812164307,0.06912190467119217
132,0.7460250451186408,0.953125,0.8556242474034185,0.6765474337661995,0.0,0.046875,0.34426229508196726,61,0.030943590996977223,0.3347858190536499,1.5,1.0,64,1.0,56,0.875,0.8977493436239026,46.87859375000001,26.2333077205289,-0.408009881980477,0.4487836977204212,3.171875,1.5467171636647083,-0.39731987135758867,0.48351432813768136,2.567674531250001,1.474767008753979,0.11930339170714224,0.7048442846439419,277.96479687500005,80.51099166285853,-0.44199143623117154,0.534540645677185,1.0,0.9978881478309631,0.002310536103323102,1.0648608207702637,0.07778014242649078
133,0.8138467361732353,0.984375,0.9198929643820203,0.6749480852757889,0.0,0.015625,0.19047619047619047,63,0.03968243951944228,0.3802531361579895,1.5,1.0,64,1.0,54,0.84375,0.8801171136090464,35.2403125,26.057735833670275,-0.607110618728132,0.44578011916145416,2.78125,1.7541802750857736,-0.519431908946463,0.5483687108836754,3.075753125000001,1.4109907023511843,0.3621324561145356,0.674363290156758,276.743984375,78.83560200139048,-0.4500968375996388,0.5234171474702295,1.0,1.0010037422180176,0.003757632803171873,1.0230478048324585,0.07061926275491714
134,0.8013757876395754,0.984375,0.900251397064754,0.7029990483269531,0.0,0.015625,0.1746031746031746,63,0.04238081729937085,0.36426520347595215,1.5,1.0,64,1.0,58,0.90625,0.8899716702838261,29.8975,20.799679835276308,-0.6985122511688826,0.3558284501260745,2.5,1.2374368670764582,-0.6073525760104523,0.38683119929932597,3.2540187500000024,1.388282932236461,0.44733202064499755,0.6635104287302646,280.9099687500001,70.5839356535379,-0.42243740959235837,0.4686314472025649,1.0,0.9983375668525696,0.003764705965295434,1.0230478048324585,0.061911679804325104
135,0.8012441165534994,0.984375,0.9154233629741366,0.701787693103134,0.0,0.015625,0.22222222222222224,63,0.037045654669474404,0.3560199439525604,1.5,1.0,64,1.0,58,0.90625,0.8891672213383977,32.340781250000006,24.940199434390028,-0.6567140606537039,0.42666197657154054,2.625,1.3635890143294642,-0.5682767239820126,0.42626722041235326,3.185315312500002,1.3927942188344464,0.41449617269761113,0.6656665351227362,278.33446875000004,68.59122437012465,-0.43953705529920306,0.455401139711826,1.0,0.9983590841293335,0.006628788076341152,1.0230478048324585,0.0754423439502716
136,0.7812994728528115,0.953125,0.9037601522734908,0.7112737641905904,0.0,0.03125,0.18032786885245897,61,0.025113707479904948,0.2898336350917816,1.5,1.0,63,0.984375,48,0.7619047619047619,0.8804801870527599,29.996666666666666,22.19178941546439,-0.6968157673006875,0.37964382604757635,2.2698412698412698,1.2873788949835947,-0.6793017638723414,0.4024434176393218,3.1506953968253986,1.523476643890157,0.39795006775136865,0.7281243741286085,260.2942380952381,59.26390967868751,-0.5593124591688146,0.39347383370529504,0.984375,0.999821662902832,0.0,1.0648608207702637,0.057905517518520355
137,0.7791280213675409,0.96875,0.8832701468659986,0.7122588952220511,0.0,0.03125,0.24193548387096772,62,0.056589585734136784,0.5230845212936401,1.5,1.0,64,1.0,59,0.921875,0.8917217851532013,39.94921875,21.313440397485067,-0.5265534742914794,0.3646175577486157,2.6875,1.184205957593526,-0.5487387979677927,0.37019085416097136,2.7564887500000017,1.635379866991441,0.2095445092229804,0.7816069559655974,266.531515625,75.97029857800358,-0.5179009911299131,0.5043933954288687,1.0,0.998664915561676,0.000953288865275681,1.0446385145187378,0.06736835837364197
138,0.7987317373938323,0.984375,0.8941888884892539,0.7266126329171344,0.0,0.015625,0.12698412698412698,63,0.03578633774757346,0.3832063376903534,1.5,1.0,64,1.0,56,0.875,0.8918971308904665,33.84953125,21.877143497101567,-0.6309032703733073,0.37426105235316326,2.4375,1.248436522214886,-0.6268905020246722,0.3902697664717506,3.1765101562500018,1.2557137521426978,0.41028787130398753,0.6001508415179293,271.42475,64.97726222879821,-0.48541309589673387,0.43140678047492786,1.0,0.9992598295211792,0.00186741363722831,1.0230478048324585,0.061005849391222
139,0.7583663206627762,0.953125,0.8933814964333519,0.6538046410563991,0.0,0.046875,0.2295081967213115,61,0.038854210902769935,0.4787277281284332,1.5,1.0,64,1.0,51,0.796875,0.9031348566539359,37.0575,27.417161368383855,-0.5760232646518049,0.46903635603191546,2.671875,1.4583240327084375,-0.5536232794713477,0.45588203289305945,2.7242776562500017,1.8159548111279022,0.19414966705669137,0.8679102273087904,260.0111875,81.96734641075739,-0.5611917311143328,0.5442098944492879,1.0,0.9990407824516296,0.014018691144883633,1.0648608207702637,0.061116334050893784
140,0.7638239561534881,0.953125,0.8916114256030223,0.677582204199338,0.0,0.03125,0.21311475409836064,61,0.028553083626972627,0.43530362844467163,1.5,1.0,63,0.984375,54,0.8571428571428571,0.8955736662199778,34.09603174603174,23.883929281082583,-0.6266862877008372,0.40859194017951994,2.6031746031746033,1.3278420557691668,-0.5750994917965021,0.4150924775070016,3.428900793650796,1.4842408394174489,0.5309144497490088,0.7093721696299731,291.7226984126984,84.44915815375137,-0.35064791382220545,0.5606875110349153,0.984375,0.998756468296051,0.0021626297384500504,1.0648608207702637,0.06724703311920166
141,0.7335108696238336,0.921875,0.9194009829375703,0.6469041323817099,0.0,0.078125,0.3050847457627119,59,0.032788410330890555,0.3765126168727875,1.5,1.0,64,1.0,51,0.796875,0.8820749608434462,35.00953125000001,26.27794378310018,-0.6110586859655124,0.44954730471294485,2.5625,1.6286017775994228,-0.5878146499962325,0.5091120165978319,3.3060137500000026,1.8913468929347859,0.47218230435932196,0.9039428193409975,286.354109375,78.35622049435463,-0.38629185499490637,0.5202343659020966,1.0,0.9985874891281128,0.0025884383358061314,1.1014959812164307,0.05477224662899971
142,0.7740031164243204,0.96875,0.9091493766154012,0.6820367458806377,0.0,0.03125,0.30645161290322576,62,0.04413362932205657,0.4384837746620178,1.5,1.0,64,1.0,58,0.90625,0.8957835531836212,36.36453125,24.813675219629868,-0.5878781584891661,0.42449747617547334,2.515625,1.4789374088767246,-0.6024680945068974,0.4623259147887279,3.077806250000002,1.6997752999785571,0.3631137185195935,0.8123838533525883,278.192890625,78.46124746533265,-0.44047704201142973,0.5209316767129634,1.0,0.9998257160186768,0.0013410818064585328,1.0446385145187378,0.05538817495107651
143,0.7672843734873558,0.953125,0.9194296305296851,0.66638469352965,0.0,0.03125,0.278688524590164,61,0.04401546734390543,0.39111024141311646,1.5,1.0,63,0.984375,53,0.8412698412698413,0.8902399698744687,39.782380952380954,29.238934127875464,-0.5294076352891187,0.5002021519780813,2.7142857142857144,1.6274292848223872,-0.5403654011045556,0.508745487363753,2.90549904761905,1.600248578662143,0.2807618988217735,0.7648164476045476,271.96871428571427,77.29494884427447,-0.481801526662453,0.513188212062031,0.984375,0.99997478723526,0.000906207540538162,1.0648608207702637,0.05788061022758484
144,0.7884119376208196,0.984375,0.9089138257125068,0.6530018053075709,0.0,0.015625,0.25396825396825395,63,0.023567727127941175,0.37320950627326965,1.5,1.0,64,1.0,51,0.796875,0.8855671000502398,39.36765625,28.91372018297431,-0.5365024968084259,0.49463858682275125,2.65625,1.394394469832694,-0.5585077609749026,0.4358972157796564,3.5035134375000028,1.679823035345,0.5665745203005739,0.8028479472676345,291.53154687500006,87.22420069566597,-0.3519170357678314,0.5791119895005183,1.0,0.998860776424408,0.0,1.0230478048324585,0.06154036521911621
145,0.8074998980466035,1.0,0.8991761393845081,0.701789386344078,0.0,0.0,0.171875,64,0.03431148341326424,0.3747241795063019,1.5,1.0,64,1.0,58,0.90625,0.8895591266339892,42.91734375,25.763145142467287,-0.4757765716230434,0.44074043826720566,2.953125,1.5353103055652952,-0.4657026124073583,0.47994846654406476,3.226483593750002,1.5206177598886093,0.4341719774691007,0.7267580104677795,300.6511250000001,81.97644009971332,-0.29136896551607855,0.5442702706322872,1.0,0.9991304278373718,0.00040983606595546007,0.9999998807907104,0.06089743971824646
146,0.7837383083972002,0.953125,0.9248887065981255,0.6817202820747144,0.0,0.046875,0.1475409836065574,61,0.04650904283789785,0.38374391198158264,1.5,1.0,64,1.0,54,0.84375,0.8915158714815811,31.13734375,21.419405938467012,-0.6773017477642691,0.36643035268166213,2.453125,1.1716666481448552,-0.6220060205211173,0.36627098055653073,3.2650475000000023,1.6425598222210984,0.4526030576007501,0.7850385152407803,273.636453125,91.05805013491565,-0.4707288249411057,0.6045662574502578,1.0,0.9982435703277588,0.0027260335627943277,1.0648607015609741,0.057357609272003174
147,0.7803573546493516,0.96875,0.8624161424175385,0.7008695592356564,0.0,0.03125,0.1774193548387097,62,0.03615794656714883,0.4328914284706116,1.5,1.0,64,1.0,56,0.875,0.8928059966605464,38.03125,23.065542380626997,-0.5593649335594858,0.39459146783096444,2.859375,1.456313705688098,-0.49500950142868805,0.455253590963655,3.1325771875000017,1.3908823740699083,0.3892907227733587,0.664752795632083,283.8781562500001,80.91880864468777,-0.40273057416565117,0.5372482853209491,1.0,1.000037431716919,0.013728964142501354,1.0446385145187378,0.06206534802913666
148,0.7991963059234147,0.984375,0.9049674556368873,0.6979910249242964,0.0,0.015625,0.19047619047619047,63,0.035733900357761285,0.3413204252719879,1.5,1.0,64,1.0,59,0.921875,0.8910584691759958,36.659218749999994,21.957045872615662,-0.5828368214480696,0.3756279742801225,2.84375,1.1887329126006396,-0.499893982932243,0.3716060111529504,3.298715937500002,1.461006953008695,0.4686944168486199,0.6982678582722672,288.47282812500004,70.30532919691146,-0.3722249398415579,0.4667816814483612,1.0,0.9992122650146484,0.00800000037997961,1.0230478048324585,0.05634910613298416
149,0.7635767067992327,0.984375,0.9065406743496184,0.6387389404563328,0.0,0.015625,0.33333333333333337,63,0.026245138511493717,0.37928080558776855,1.5,1.0,64,1.0,50,0.78125,0.896509569504526,39.2025,24.247251970584212,-0.5393278908977361,0.4148074468856252,2.84375,1.3603624287299323,-0.499893982932243,0.425258567760798,3.4676350000000022,1.8113173343005105,0.5494269224334392,0.8656938100594532,307.7885,84.94413277137664,-0.24398143541439443,0.5639738207205193,1.0,0.9988877177238464,0.0012355848448351026,1.0230478048324585,0.052404940128326416
